{"global_step": 319, "_timestamp": 1635682126.6872683, "rpn/num_pos_anchors": 25.75, "rpn/num_neg_anchors": 230.25, "roi_head/num_fg_samples": 12.0, "roi_head/num_bg_samples": 116.0, "fast_rcnn/cls_accuracy": 0.90625, "fast_rcnn/fg_cls_accuracy": 0.0, "fast_rcnn/false_negative": 1.0, "data_time": 0.0034563650842756033, "total_loss": 0.8374849557876587, "loss_cls": 0.19333142042160034, "loss_box_reg": 0.33164194226264954, "loss_rpn_cls": 0.12201042473316193, "loss_rpn_loc": 0.03129997104406357, "lr": 6.383620348060504e-05, "time": 0.49695050716400146, "eta_seconds": 87.79817962646484, "_runtime": 284, "_step": 15}