{"global_step": 79, "_timestamp": 1635675286.9693642, "rpn/num_pos_anchors": 12.25, "rpn/num_neg_anchors": 243.75, "roi_head/num_fg_samples": 7.25, "roi_head/num_bg_samples": 24.75, "fast_rcnn/cls_accuracy": 0.71875, "fast_rcnn/fg_cls_accuracy": 0.0868055522441864, "fast_rcnn/false_negative": 0.9131944179534912, "data_time": 0.002799117937684059, "total_loss": 1.6109822988510132, "loss_cls": 0.6246950626373291, "loss_box_reg": 0.8475253582000732, "loss_rpn_cls": 0.1826809048652649, "loss_rpn_loc": 0.0176251158118248, "lr": 1.5884199456195347e-05, "time": 0.39313995838165283, "eta_seconds": 161.58535766601562, "_runtime": 157, "_step": 3}