{"data_time": 0.0025567680022504646, "eta_seconds": 475.9387089597294, "fast_rcnn/cls_accuracy": 0.24609375, "fast_rcnn/false_negative": 0.013888888888888888, "fast_rcnn/fg_cls_accuracy": 0.9861111111111112, "iteration": 19, "loss_box_reg": 0.35987578332424164, "loss_cls": 0.7752355635166168, "loss_rpn_cls": 0.037562672048807144, "loss_rpn_loc": 0.00932651525363326, "lr": 9.7405e-06, "roi_head/num_bg_samples": 116.25, "roi_head/num_fg_samples": 11.75, "rpn/num_neg_anchors": 251.75, "rpn/num_pos_anchors": 4.25, "time": 0.9915389769994363, "total_loss": 1.1748547244933434}
{"data_time": 0.0031537889990431722, "eta_seconds": 466.68938853901636, "fast_rcnn/cls_accuracy": 0.796875, "fast_rcnn/false_negative": 0.4051724137931034, "fast_rcnn/fg_cls_accuracy": 0.5948275862068966, "iteration": 39, "loss_box_reg": 0.414709210395813, "loss_cls": 0.6078291237354279, "loss_rpn_cls": 0.025557756423950195, "loss_rpn_loc": 0.006951577961444855, "lr": 1.97305e-05, "roi_head/num_bg_samples": 114.0, "roi_head/num_fg_samples": 14.0, "rpn/num_neg_anchors": 252.0, "rpn/num_pos_anchors": 4.0, "time": 1.0335932969974237, "total_loss": 1.112589551601559}
{"data_time": 0.0025333125013276003, "eta_seconds": 437.37118017917965, "fast_rcnn/cls_accuracy": 0.91015625, "fast_rcnn/false_negative": 1.0, "fast_rcnn/fg_cls_accuracy": 0.0, "iteration": 59, "loss_box_reg": 0.32155293226242065, "loss_cls": 0.47036461532115936, "loss_rpn_cls": 0.03226453624665737, "loss_rpn_loc": 0.0051788336131721735, "lr": 2.9720499999999998e-05, "roi_head/num_bg_samples": 117.25, "roi_head/num_fg_samples": 10.75, "rpn/num_neg_anchors": 252.5, "rpn/num_pos_anchors": 3.5, "time": 0.9813826274985331, "total_loss": 0.8532997176516801}
{"data_time": 0.003103998998994939, "eta_seconds": 426.11366321871174, "fast_rcnn/cls_accuracy": 0.916015625, "fast_rcnn/false_negative": 1.0, "fast_rcnn/fg_cls_accuracy": 0.0, "iteration": 79, "loss_box_reg": 0.306292861700058, "loss_cls": 0.3277924358844757, "loss_rpn_cls": 0.023013589903712273, "loss_rpn_loc": 0.00840222230181098, "lr": 3.9710500000000005e-05, "roi_head/num_bg_samples": 117.5, "roi_head/num_fg_samples": 10.5, "rpn/num_neg_anchors": 252.0, "rpn/num_pos_anchors": 4.0, "time": 1.0537651930026186, "total_loss": 0.6903373976238072}
{"data_time": 0.0029373274992394727, "eta_seconds": 411.316985799931, "fast_rcnn/cls_accuracy": 0.900390625, "fast_rcnn/false_negative": 1.0, "fast_rcnn/fg_cls_accuracy": 0.0, "iteration": 99, "loss_box_reg": 0.3821927309036255, "loss_cls": 0.2712699770927429, "loss_rpn_cls": 0.021199231036007404, "loss_rpn_loc": 0.005599094787612557, "lr": 4.97005e-05, "roi_head/num_bg_samples": 115.25, "roi_head/num_fg_samples": 12.75, "rpn/num_neg_anchors": 252.0, "rpn/num_pos_anchors": 4.0, "time": 1.106125164002151, "total_loss": 0.7697445072772098}
{"data_time": 0.002881636501115281, "eta_seconds": 392.765452859021, "fast_rcnn/cls_accuracy": 0.904296875, "fast_rcnn/false_negative": 1.0, "fast_rcnn/fg_cls_accuracy": 0.0, "iteration": 119, "loss_box_reg": 0.3527352213859558, "loss_cls": 0.25930890440940857, "loss_rpn_cls": 0.025551460683345795, "loss_rpn_loc": 0.007928213104605675, "lr": 5.96905e-05, "roi_head/num_bg_samples": 115.75, "roi_head/num_fg_samples": 12.25, "rpn/num_neg_anchors": 251.25, "rpn/num_pos_anchors": 4.75, "time": 1.1762765259954904, "total_loss": 0.6690912378253415}
{"data_time": 0.0025341685031889938, "eta_seconds": 373.8424580998253, "fast_rcnn/cls_accuracy": 0.9140625, "fast_rcnn/false_negative": 1.0, "fast_rcnn/fg_cls_accuracy": 0.0, "iteration": 139, "loss_box_reg": 0.31208615005016327, "loss_cls": 0.2420777752995491, "loss_rpn_cls": 0.03214709833264351, "loss_rpn_loc": 0.006465327460318804, "lr": 6.96805e-05, "roi_head/num_bg_samples": 117.0, "roi_head/num_fg_samples": 11.0, "rpn/num_neg_anchors": 252.0, "rpn/num_pos_anchors": 4.0, "time": 1.0620850280029117, "total_loss": 0.6207463085884228}
{"data_time": 0.0029241230040497612, "eta_seconds": 358.112020831104, "fast_rcnn/cls_accuracy": 0.9296875, "fast_rcnn/false_negative": 1.0, "fast_rcnn/fg_cls_accuracy": 0.0, "iteration": 159, "loss_box_reg": 0.24662870168685913, "loss_cls": 0.21827416121959686, "loss_rpn_cls": 0.028144223615527153, "loss_rpn_loc": 0.011713194195181131, "lr": 7.967050000000001e-05, "roi_head/num_bg_samples": 119.0, "roi_head/num_fg_samples": 9.0, "rpn/num_neg_anchors": 251.0, "rpn/num_pos_anchors": 5.0, "time": 1.169453259997681, "total_loss": 0.5218314309604466}
{"data_time": 0.0026528395028435625, "eta_seconds": 339.86720896093175, "fast_rcnn/cls_accuracy": 0.89453125, "fast_rcnn/false_negative": 1.0, "fast_rcnn/fg_cls_accuracy": 0.0, "iteration": 179, "loss_box_reg": 0.40780946612358093, "loss_cls": 0.2695300430059433, "loss_rpn_cls": 0.01992621086537838, "loss_rpn_loc": 0.006745608290657401, "lr": 8.966049999999999e-05, "roi_head/num_bg_samples": 114.5, "roi_head/num_fg_samples": 13.5, "rpn/num_neg_anchors": 251.75, "rpn/num_pos_anchors": 4.25, "time": 1.160843418998411, "total_loss": 0.6789015373215079}
{"data_time": 0.0025778339986572973, "eta_seconds": 318.21238244956476, "fast_rcnn/cls_accuracy": 0.8984375, "fast_rcnn/false_negative": 1.0, "fast_rcnn/fg_cls_accuracy": 0.0, "iteration": 199, "loss_box_reg": 0.3510553538799286, "loss_cls": 0.25489671528339386, "loss_rpn_cls": 0.017307515256106853, "loss_rpn_loc": 0.0052429495844990015, "lr": 9.96505e-05, "roi_head/num_bg_samples": 115.0, "roi_head/num_fg_samples": 13.0, "rpn/num_neg_anchors": 251.75, "rpn/num_pos_anchors": 4.25, "time": 1.0467856460018083, "total_loss": 0.6401499870698899}
{"data_time": 0.002684261002286803, "eta_seconds": 296.9982236195938, "fast_rcnn/cls_accuracy": 0.884765625, "fast_rcnn/false_negative": 1.0, "fast_rcnn/fg_cls_accuracy": 0.0, "iteration": 219, "loss_box_reg": 0.39054256677627563, "loss_cls": 0.25787854194641113, "loss_rpn_cls": 0.01780815003439784, "loss_rpn_loc": 0.007101056864485145, "lr": 0.00010964050000000001, "roi_head/num_bg_samples": 113.25, "roi_head/num_fg_samples": 14.75, "rpn/num_neg_anchors": 252.25, "rpn/num_pos_anchors": 3.75, "time": 1.0575429040000017, "total_loss": 0.6933498227735981}
{"data_time": 0.002442307501041796, "eta_seconds": 276.0081986998557, "fast_rcnn/cls_accuracy": 0.904296875, "fast_rcnn/false_negative": 1.0, "fast_rcnn/fg_cls_accuracy": 0.0, "iteration": 239, "loss_box_reg": 0.361027330160141, "loss_cls": 0.203397735953331, "loss_rpn_cls": 0.014021754264831543, "loss_rpn_loc": 0.0061769080348312855, "lr": 0.0001196305, "roi_head/num_bg_samples": 115.5, "roi_head/num_fg_samples": 12.5, "rpn/num_neg_anchors": 252.0, "rpn/num_pos_anchors": 4.0, "time": 1.0634265119988413, "total_loss": 0.58947608852759}
{"data_time": 0.0026035150040115695, "eta_seconds": 255.28008252033032, "fast_rcnn/cls_accuracy": 0.912109375, "fast_rcnn/false_negative": 1.0, "fast_rcnn/fg_cls_accuracy": 0.0, "iteration": 259, "loss_box_reg": 0.3198680579662323, "loss_cls": 0.18687701970338821, "loss_rpn_cls": 0.011870895978063345, "loss_rpn_loc": 0.007248705020174384, "lr": 0.0001296205, "roi_head/num_bg_samples": 116.0, "roi_head/num_fg_samples": 12.0, "rpn/num_neg_anchors": 249.25, "rpn/num_pos_anchors": 6.75, "time": 1.102181838497927, "total_loss": 0.5244743577204645}
{"data_time": 0.0025053189965547062, "eta_seconds": 233.5453988998779, "fast_rcnn/cls_accuracy": 0.9140625, "fast_rcnn/false_negative": 0.9472222222222222, "fast_rcnn/fg_cls_accuracy": 0.05277777777777778, "iteration": 279, "loss_box_reg": 0.365559846162796, "loss_cls": 0.21065661311149597, "loss_rpn_cls": 0.017624386586248875, "loss_rpn_loc": 0.004698337288573384, "lr": 0.00013961050000000003, "roi_head/num_bg_samples": 115.5, "roi_head/num_fg_samples": 12.5, "rpn/num_neg_anchors": 251.75, "rpn/num_pos_anchors": 4.25, "time": 0.9675813569992897, "total_loss": 0.5901232461910695}
{"data_time": 0.002349212496483233, "eta_seconds": 210.67799869997543, "fast_rcnn/cls_accuracy": 0.9140625, "fast_rcnn/false_negative": 0.9761904761904762, "fast_rcnn/fg_cls_accuracy": 0.023809523809523808,