{"global_step": 499, "_timestamp": 1637331814.248522, "rpn/num_pos_anchors": 4.25, "rpn/num_neg_anchors": 251.75, "roi_head/num_fg_samples": 13.0, "roi_head/num_bg_samples": 115.0, "fast_rcnn/cls_accuracy": 0.92578125, "fast_rcnn/fg_cls_accuracy": 0.23461538553237915, "fast_rcnn/false_negative": 0.7653846144676208, "data_time": 0.00243486650288105, "total_loss": 0.4827539920806885, "loss_cls": 0.1936100423336029, "loss_box_reg": 0.2598927617073059, "loss_rpn_cls": 0.012213243171572685, "loss_rpn_loc": 0.00597350113093853, "lr": 0.0002495005028322339, "time": 1.0132808685302734, "eta_seconds": 0.0, "_runtime": 687, "_step": 24, "_wandb": {"runtime": 817}}