{"global_step": 499, "_timestamp": 1637336759.3513153, "rpn/num_pos_anchors": 4.25, "rpn/num_neg_anchors": 251.75, "roi_head/num_fg_samples": 11.0, "roi_head/num_bg_samples": 117.0, "fast_rcnn/cls_accuracy": 0.94921875, "fast_rcnn/fg_cls_accuracy": 0.5, "fast_rcnn/false_negative": 0.5, "data_time": 0.002544017508625984, "total_loss": 0.41243281960487366, "loss_cls": 0.17095649242401123, "loss_box_reg": 0.21274793148040771, "loss_rpn_cls": 0.022258687764406204, "loss_rpn_loc": 0.005055200308561325, "lr": 0.0002495005028322339, "time": 0.8948678374290466, "eta_seconds": 0.0, "_runtime": 628, "_step": 24, "_wandb": {"runtime": 758}}