{"global_step": 499, "_timestamp": 1637338536.0178974, "rpn/num_pos_anchors": 4.5, "rpn/num_neg_anchors": 251.5, "roi_head/num_fg_samples": 10.5, "roi_head/num_bg_samples": 117.5, "fast_rcnn/cls_accuracy": 0.93359375, "fast_rcnn/fg_cls_accuracy": 0.3651515245437622, "fast_rcnn/false_negative": 0.6348484754562378, "data_time": 0.0024509839713573456, "total_loss": 0.4257549047470093, "loss_cls": 0.17257413268089294, "loss_box_reg": 0.24011558294296265, "loss_rpn_cls": 0.027119165286421776, "loss_rpn_loc": 0.007769586052745581, "lr": 0.0002495005028322339, "time": 0.964336633682251, "eta_seconds": 0.0, "_runtime": 659, "_step": 24, "_wandb": {"runtime": 788}}