{"global_step": 179, "_timestamp": 1637334041.6710627, "rpn/num_pos_anchors": 4.0, "rpn/num_neg_anchors": 252.0, "roi_head/num_fg_samples": 8.0, "roi_head/num_bg_samples": 24.0, "fast_rcnn/cls_accuracy": 0.75, "fast_rcnn/fg_cls_accuracy": 0.0, "fast_rcnn/false_negative": 1.0, "data_time": 0.0014223925536498427, "total_loss": 1.376300573348999, "loss_cls": 0.4407116770744324, "loss_box_reg": 0.8935818672180176, "loss_rpn_cls": 0.01042930968105793, "loss_rpn_loc": 0.0054212938994169235, "lr": 3.5864199162460864e-05, "time": 0.46718811988830566, "eta_seconds": 136.48611450195312, "_runtime": 205, "_step": 8}