{"global_step": 499, "_timestamp": 1637334800.2958393, "rpn/num_pos_anchors": 4.0, "rpn/num_neg_anchors": 252.0, "roi_head/num_fg_samples": 8.0, "roi_head/num_bg_samples": 24.0, "fast_rcnn/cls_accuracy": 0.75, "fast_rcnn/fg_cls_accuracy": 0.0, "fast_rcnn/false_negative": 1.0, "data_time": 0.0012875209795311093, "total_loss": 1.5649229288101196, "loss_cls": 0.5723546147346497, "loss_box_reg": 0.9864358305931091, "loss_rpn_cls": 0.018463071435689926, "loss_rpn_loc": 0.00644840020686388, "lr": 1.5884199456195347e-05, "time": 0.1482173502445221, "eta_seconds": 63.390018463134766, "_runtime": 964, "_step": 50}