{"global_step": 499, "_timestamp": 1637334864.3990057, "rpn/num_pos_anchors": 3.0, "rpn/num_neg_anchors": 253.0, "roi_head/num_fg_samples": 8.0, "roi_head/num_bg_samples": 24.0, "fast_rcnn/cls_accuracy": 0.8125, "fast_rcnn/fg_cls_accuracy": 0.0, "fast_rcnn/false_negative": 1.0, "data_time": 0.0014486750587821007, "total_loss": 1.111708164215088, "loss_cls": 0.38139089941978455, "loss_box_reg": 0.7099679112434387, "loss_rpn_cls": 0.015451142564415932, "loss_rpn_loc": 0.005014179274439812, "lr": 9.18082005227916e-05, "time": 0.16608838737010956, "eta_seconds": 6.441031455993652, "_runtime": 1028, "_step": 69}