{"global_step": 499, "_timestamp": 1637335627.6074476, "rpn/num_pos_anchors": 3.75, "rpn/num_neg_anchors": 252.25, "roi_head/num_fg_samples": 8.0, "roi_head/num_bg_samples": 24.0, "fast_rcnn/cls_accuracy": 0.828125, "fast_rcnn/fg_cls_accuracy": 0.375, "fast_rcnn/false_negative": 0.625, "data_time": 0.002522224560379982, "total_loss": 1.2134729623794556, "loss_cls": 0.36436834931373596, "loss_box_reg": 0.7170563340187073, "loss_rpn_cls": 0.010051654651761055, "loss_rpn_loc": 0.006828708574175835, "lr": 9.18082005227916e-05, "time": 1.02353835105896, "eta_seconds": 41.9063720703125, "_runtime": 1791, "_step": 92}