{"global_step": 79, "_timestamp": 1637333997.325692, "rpn/num_pos_anchors": 4.0, "rpn/num_neg_anchors": 252.0, "roi_head/num_fg_samples": 8.0, "roi_head/num_bg_samples": 24.0, "fast_rcnn/cls_accuracy": 0.75, "fast_rcnn/fg_cls_accuracy": 0.0, "fast_rcnn/false_negative": 1.0, "data_time": 0.0012575804721564054, "total_loss": 1.563868761062622, "loss_cls": 0.5924793481826782, "loss_box_reg": 0.9587975740432739, "loss_rpn_cls": 0.010096678510308266, "loss_rpn_loc": 0.005220453254878521, "lr": 1.5884199456195347e-05, "time": 0.4133053719997406, "eta_seconds": 173.6887969970703, "_runtime": 161, "_step": 3}