{"global_step": 479, "_timestamp": 1636481419.6091323, "rpn/num_pos_anchors": 4.0, "rpn/num_neg_anchors": 252.0, "roi_head/num_fg_samples": 16.5, "roi_head/num_bg_samples": 111.5, "fast_rcnn/cls_accuracy": 0.90234375, "fast_rcnn/fg_cls_accuracy": 0.3796653747558594, "fast_rcnn/false_negative": 0.6203346252441406, "data_time": 0.002801991067826748, "total_loss": 0.6106407642364502, "loss_cls": 0.254512757062912, "loss_box_reg": 0.31967395544052124, "loss_rpn_cls": 0.011887630447745323, "loss_rpn_loc": 0.005143073387444019, "lr": 0.00023951049661263824, "time": 1.003692388534546, "eta_seconds": 20.655500411987305, "_runtime": 666, "_step": 23}