{"global_step": 499, "_timestamp": 1636481443.6738572, "rpn/num_pos_anchors": 4.75, "rpn/num_neg_anchors": 251.25, "roi_head/num_fg_samples": 11.0, "roi_head/num_bg_samples": 117.0, "fast_rcnn/cls_accuracy": 0.9296875, "fast_rcnn/fg_cls_accuracy": 0.30909091234207153, "fast_rcnn/false_negative": 0.6909090876579285, "data_time": 0.0025301685091108084, "total_loss": 0.4626274108886719, "loss_cls": 0.19756510853767395, "loss_box_reg": 0.24768126010894775, "loss_rpn_cls": 0.023232480511069298, "loss_rpn_loc": 0.0074089872650802135, "lr": 0.0002495005028322339, "time": 1.1233413219451904, "eta_seconds": 0.0, "_runtime": 690, "_step": 24, "_wandb": {"runtime": 865}}