{"data_time": 0.002397474999725091, "eta_seconds": 253.24353503996917, "fast_rcnn/cls_accuracy": 0.68359375, "fast_rcnn/false_negative": 0.5840909090909091, "fast_rcnn/fg_cls_accuracy": 0.4159090909090909, "iteration": 19, "loss_box_reg": 0.31836505234241486, "loss_cls": 0.6551516056060791, "loss_rpn_cls": 0.020755124744027853, "loss_rpn_loc": 0.0067802295088768005, "lr": 1.9231e-05, "roi_head/num_bg_samples": 118.0, "roi_head/num_fg_samples": 10.0, "rpn/num_neg_anchors": 251.5, "rpn/num_pos_anchors": 4.5, "time": 1.101058847999866, "total_loss": 1.0259411600418389}
{"data_time": 0.00282800050035803, "eta_seconds": 224.61249804003728, "fast_rcnn/cls_accuracy": 0.89453125, "fast_rcnn/false_negative": 1.0, "fast_rcnn/fg_cls_accuracy": 0.0, "iteration": 39, "loss_box_reg": 0.3855951726436615, "loss_cls": 0.4983272850513458, "loss_rpn_cls": 0.022426568903028965, "loss_rpn_loc": 0.004387170076370239, "lr": 3.9211e-05, "roi_head/num_bg_samples": 114.75, "roi_head/num_fg_samples": 13.25, "rpn/num_neg_anchors": 252.25, "rpn/num_pos_anchors": 3.75, "time": 1.0523586825001985, "total_loss": 0.8825827303808182}
{"data_time": 0.0024117245002344134, "eta_seconds": 205.67176011995798, "fast_rcnn/cls_accuracy": 0.900390625, "fast_rcnn/false_negative": 1.0, "fast_rcnn/fg_cls_accuracy": 0.0, "iteration": 59, "loss_box_reg": 0.37088778614997864, "loss_cls": 0.33809760212898254, "loss_rpn_cls": 0.02543056011199951, "loss_rpn_loc": 0.0073278131894767284, "lr": 5.9190999999999996e-05, "roi_head/num_bg_samples": 115.25, "roi_head/num_fg_samples": 12.75, "rpn/num_neg_anchors": 252.0, "rpn/num_pos_anchors": 4.0, "time": 1.101932915999896, "total_loss": 0.7440163055434823}
{"data_time": 0.0028084894997846277, "eta_seconds": 180.1823489849994, "fast_rcnn/cls_accuracy": 0.892578125, "fast_rcnn/false_negative": 1.0, "fast_rcnn/fg_cls_accuracy": 0.0, "iteration": 79, "loss_box_reg": 0.3977821171283722, "loss_cls": 0.3018933832645416, "loss_rpn_cls": 0.01986891869455576, "loss_rpn_loc": 0.00537154427729547, "lr": 7.9171e-05, "roi_head/num_bg_samples": 114.25, "roi_head/num_fg_samples": 13.75, "rpn/num_neg_anchors": 252.5, "rpn/num_pos_anchors": 3.5, "time": 0.9908590694999475, "total_loss": 0.7426404520520009}
{"data_time": 0.0028448395000850724, "eta_seconds": 159.32481509996705, "fast_rcnn/cls_accuracy": 0.9140625, "fast_rcnn/false_negative": 1.0, "fast_rcnn/fg_cls_accuracy": 0.0, "iteration": 99, "loss_box_reg": 0.3265007883310318, "loss_cls": 0.25979821383953094, "loss_rpn_cls": 0.03295145742595196, "loss_rpn_loc": 0.0076062968000769615, "lr": 9.9151e-05, "roi_head/num_bg_samples": 117.0, "roi_head/num_fg_samples": 11.0, "rpn/num_neg_anchors": 252.5, "rpn/num_pos_anchors": 3.5, "time": 1.0701434779998635, "total_loss": 0.6770419850945473}
