{"data_time": 0.002583053001217195, "eta_seconds": 508.05034848017385, "fast_rcnn/cls_accuracy": 0.6875, "fast_rcnn/false_negative": 0.8375, "fast_rcnn/fg_cls_accuracy": 0.1625, "iteration": 19, "loss_box_reg": 0.8407385647296906, "loss_cls": 0.6501485705375671, "loss_rpn_cls": 0.03065305668860674, "loss_rpn_loc": 0.005025239661335945, "lr": 9.7405e-06, "roi_head/num_bg_samples": 12.0, "roi_head/num_fg_samples": 4.0, "rpn/num_neg_anchors": 252.0, "rpn/num_pos_anchors": 4.0, "time": 1.0584382260003622, "total_loss": 1.5350048928521574}
{"data_time": 0.0023537454999313923, "eta_seconds": 481.78435248086316, "fast_rcnn/cls_accuracy": 0.75, "fast_rcnn/false_negative": 1.0, "fast_rcnn/fg_cls_accuracy": 0.0, "iteration": 39, "loss_box_reg": 0.8049737215042114, "loss_cls": 0.6092499494552612, "loss_rpn_cls": 0.019632671028375626, "loss_rpn_loc": 0.008261233568191528, "lr": 1.97305e-05, "roi_head/num_bg_samples": 12.0, "roi_head/num_fg_samples": 4.0, "rpn/num_neg_anchors": 251.25, "rpn/num_pos_anchors": 4.75, "time": 1.036567836001268, "total_loss": 1.46341972053051}
{"data_time": 0.002462438500515418, "eta_seconds": 468.5691797600157, "fast_rcnn/cls_accuracy": 0.75, "fast_rcnn/false_negative": 1.0, "fast_rcnn/fg_cls_accuracy": 0.0, "iteration": 59, "loss_box_reg": 0.8227039277553558, "loss_cls": 0.5517903566360474, "loss_rpn_cls": 0.029748340137302876, "loss_rpn_loc": 0.006295861676335335, "lr": 2.9720499999999998e-05, "roi_head/num_bg_samples": 12.0, "roi_head/num_fg_samples": 4.0, "rpn/num_neg_anchors": 251.5, "rpn/num_pos_anchors": 4.5, "time": 1.0842141490011272, "total_loss": 1.4361865211976692}
{"data_time": 0.0022850114983157255, "eta_seconds": 433.1532918298035, "fast_rcnn/cls_accuracy": 0.75, "fast_rcnn/false_negative": 1.0, "fast_rcnn/fg_cls_accuracy": 0.0, "iteration": 79, "loss_box_reg": 0.8356291055679321, "loss_cls": 0.519722044467926, "loss_rpn_cls": 0.017274499870836735, "loss_rpn_loc": 0.00617241719737649, "lr": 3.9710500000000005e-05, "roi_head/num_bg_samples": 12.0, "roi_head/num_fg_samples": 4.0, "rpn/num_neg_anchors": 251.75, "rpn/num_pos_anchors": 4.25, "time": 0.9504811919996428, "total_loss": 1.4262923119822517}
{"data_time": 0.0022299120009847684, "eta_seconds": 401.72415140041267, "fast_rcnn/cls_accuracy": 0.75, "fast_rcnn/false_negative": 1.0, "fast_rcnn/fg_cls_accuracy": 0.0, "iteration": 99, "loss_box_reg": 0.8299964666366577, "loss_cls": 0.4656798541545868, "loss_rpn_cls": 0.03329119272530079, "loss_rpn_loc": 0.007207751274108887, "lr": 4.97005e-05, "roi_head/num_bg_samples": 12.0, "roi_head/num_fg_samples": 4.0, "rpn/num_neg_anchors": 251.5, "rpn/num_pos_anchors": 4.5, "time": 0.9499069765006425, "total_loss": 1.3738893568515778}
