{"data_time": 0.002597575501567917, "eta_seconds": 180.10153871990042, "fast_rcnn/cls_accuracy": 0.234375, "fast_rcnn/false_negative": 0.08571428571428572, "fast_rcnn/fg_cls_accuracy": 0.9142857142857144, "iteration": 19, "loss_box_reg": 0.9814891219139099, "loss_cls": 0.8918395638465881, "loss_rpn_cls": 0.11550430953502655, "loss_rpn_loc": 0.019433384761214256, "lr": 3.8962e-06, "roi_head/num_bg_samples": 24.0, "roi_head/num_fg_samples": 8.0, "rpn/num_neg_anchors": 235.25, "rpn/num_pos_anchors": 20.75, "time": 0.37521153899979254, "total_loss": 2.0408832170069218}
