{"data_time": 0.0035336519999873417, "eta_seconds": 175.02123336002114, "fast_rcnn/cls_accuracy": 0.2578125, "fast_rcnn/false_negative": 0.013157894736842105, "fast_rcnn/fg_cls_accuracy": 0.986842105263158, "iteration": 19, "loss_box_reg": 0.48041336238384247, "loss_cls": 0.8360958397388458, "loss_rpn_cls": 0.21264944225549698, "loss_rpn_loc": 0.045846644788980484, "lr": 9.7405e-06, "roi_head/num_bg_samples": 113.75, "roi_head/num_fg_samples": 14.25, "rpn/num_neg_anchors": 233.25, "rpn/num_pos_anchors": 22.75, "time": 0.36462756950004405, "total_loss": 1.634101513773203}
{"data_time": 0.0029592900004900002, "eta_seconds": 168.3478605997243, "fast_rcnn/cls_accuracy": 0.576171875, "fast_rcnn/false_negative": 0.225, "fast_rcnn/fg_cls_accuracy": 0.775, "iteration": 39, "loss_box_reg": 0.401601180434227, "loss_cls": 0.6714444160461426, "loss_rpn_cls": 0.20508567988872528, "loss_rpn_loc": 0.026268593966960907, "lr": 1.97305e-05, "roi_head/num_bg_samples": 114.75, "roi_head/num_fg_samples": 13.25, "rpn/num_neg_anchors": 241.25, "rpn/num_pos_anchors": 14.75, "time": 0.36966695400042227, "total_loss": 1.4160919561982155}
{"data_time": 0.0026512550002735225, "eta_seconds": 160.43613058001938, "fast_rcnn/cls_accuracy": 0.89453125, "fast_rcnn/false_negative": 1.0, "fast_rcnn/fg_cls_accuracy": 0.0, "iteration": 59, "loss_box_reg": 0.43789970874786377, "loss_cls": 0.4692661762237549, "loss_rpn_cls": 0.25575679540634155, "loss_rpn_loc": 0.027739934623241425, "lr": 2.9720499999999998e-05, "roi_head/num_bg_samples": 114.0, "roi_head/num_fg_samples": 14.0, "rpn/num_neg_anchors": 244.75, "rpn/num_pos_anchors": 11.25, "time": 0.3600761229999989, "total_loss": 1.215864447876811}
{"data_time": 0.002898419500070304, "eta_seconds": 151.29489374990044, "fast_rcnn/cls_accuracy": 0.904296875, "fast_rcnn/false_negative": 1.0, "fast_rcnn/fg_cls_accuracy": 0.0, "iteration": 79, "loss_box_reg": 0.37117183208465576, "loss_cls": 0.36309589445590973, "loss_rpn_cls": 0.1954619437456131, "loss_rpn_loc": 0.014998546801507473, "lr": 3.9710500000000005e-05, "roi_head/num_bg_samples": 115.75, "roi_head/num_fg_samples": 12.25, "rpn/num_neg_anchors": 243.75, "rpn/num_pos_anchors": 12.25, "time": 0.359673857999951, "total_loss": 1.0391841176897287}
{"data_time": 0.002630274500006635, "eta_seconds": 143.85496539998712, "fast_rcnn/cls_accuracy": 0.88671875, "fast_rcnn/false_negative": 1.0, "fast_rcnn/fg_cls_accuracy": 0.0, "iteration": 99, "loss_box_reg": 0.43770238757133484, "loss_cls": 0.32074907422065735, "loss_rpn_cls": 0.17935890704393387, "loss_rpn_loc": 0.03388473019003868, "lr": 4.97005e-05, "roi_head/num_bg_samples": 113.5, "roi_head/num_fg_samples": 14.5, "rpn/num_neg_anchors": 237.0, "rpn/num_pos_anchors": 19.0, "time": 0.34713386650037137, "total_loss": 0.937797927763313}
{"data_time": 0.002500202499959414, "eta_seconds": 135.99538799992843, "fast_rcnn/cls_accuracy": 0.90625, "fast_rcnn/false_negative": 1.0, "fast_rcnn/fg_cls_accuracy": 0.0, "iteration": 119, "loss_box_reg": 0.37362708151340485, "loss_cls": 0.27818048000335693, "loss_rpn_cls": 0.2001672238111496, "loss_rpn_loc": 0.03065340407192707, "lr": 5.96905e-05, "roi_head/num_bg_samples": 116.0, "roi_head/num_fg_samples": 12.0, "rpn/num_neg_anchors": 235.0, "rpn/num_pos_anchors": 21.0, "time": 0.3485470819996408, "total_loss": 0.8882630704902112}
{"data_time": 0.002468791999945097, "eta_seconds": 129.30702516017845, "fast_rcnn/cls_accuracy": 0.892578125, "fast_rcnn/false_negative": 1.0, "fast_rcnn/fg_cls_accuracy": 0.0, "iteration": 139, "loss_box_reg": 0.4252500981092453, "loss_cls": 0.25490885972976685, "loss_rpn_cls": 0.17258095741271973, "loss_rpn_loc": 0.08424033969640732, "lr": 6.96805e-05, "roi_head/num_bg_samples": 114.25, "roi_head/num_fg_samples": 13.75, "rpn/num_neg_anchors": 219.5, "rpn/num_pos_anchors": 36.5, "time": 0.36401339150006606, "total_loss": 0.9108073506504297}
{"data_time": 0.0035027845001422975, "eta_seconds": 122.27672058998905, "fast_rcnn/cls_accuracy": 0.8984375, "fast_rcnn/false_negative": 1.0, "fast_rcnn/fg_cls_accuracy": 0.0, "iteration": 159, "loss_box_reg": 0.36383770406246185, "loss_cls": 0.23262833803892136, "loss_rpn_cls": 0.1347864642739296, "loss_rpn_loc": 0.0262142950668931, "lr": 7.967050000000001e-05, "roi_head/num_bg_samples": 115.0, "roi_head/num_fg_samples": 13.0, "rpn/num_neg_anchors": 241.25, "rpn/num_pos_anchors": 14.75, "time": 0.36778932499964867, "total_loss": 0.8347934186458588}
{"data_time": 0.002489808000063931, "eta_seconds": 115.24097647983581, "fast_rcnn/cls_accuracy": 0.92578125, "fast_rcnn/false_negative": 1.0, "fast_rcnn/fg_cls_accuracy": 0.0, "iteration": 179, "loss_box_reg": 0.25201305001974106, "loss_cls": 0.21912889927625656, "loss_rpn_cls": 0.16007612645626068, "loss_rpn_loc": 0.01756298914551735, "lr": 8.966049999999999e-05, "roi_head/num_bg_samples": 118.5, "roi_head/num_fg_samples": 9.5, "rpn/num_neg_anchors": 247.5, "rpn/num_pos_anchors": 8.5, "time": 0.3805479065003965, "total_loss": 0.6940338602289557}
{"data_time": 0.002876456999729271, "eta_seconds": 109.04871900015678, "fast_rcnn/cls_accuracy": 0.90234375, "fast_rcnn/false_negative": 1.0, "fast_rcnn/fg_cls_accuracy": 0.0, "iteration": 199, "loss_box_reg": 0.3590124249458313, "loss_cls": 0.21307124197483063, "loss_rpn_cls": 0.15574517101049423, "loss_rpn_loc": 0.03913678973913193, "lr": 9.96505e-05, "roi_head/num_bg_samples": 115.5, "roi_head/num_fg_samples": 12.5, "rpn/num_neg_anchors": 232.25, "rpn/num_pos_anchors": 23.75, "time": 0.3862966075002987, "total_loss": 0.8280590265057981}
{"data_time": 0.0029077385001983203, "eta_seconds": 101.65540616013459, "fast_rcnn/cls_accuracy": 0.890625, "fast_rcnn/false_negative": 1.0, "fast_rcnn/fg_cls_accuracy": 0.0, "iteration": 219, "loss_box_reg": 0.4370422661304474, "loss_cls": 0.25798937678337097, "loss_rpn_cls": 0.145753413438797, "loss_rpn_loc": 0.02848776802420616, "lr": 0.00010964050000000001, "roi_head/num_bg_samples": 114.0, "roi_head/num_fg_samples": 14.0, "rpn/num_neg_anchors": 238.75, "rpn/num_pos_anchors": 17.25, "time": 0.36304974850008875, "total_loss": 0.8957381849177182}
{"data_time": 0.002687408500150923, "eta_seconds": 94.33175245007078, "fast_rcnn/cls_accuracy": 0.87890625, "fast_rcnn/false_negative": 1.0, "fast_rcnn/fg_cls_accuracy": 0.0, "iteration": 239, "loss_box_reg": 0.5209351181983948, "loss_cls": 0.24838336557149887, "loss_rpn_cls": 0.14775573462247849, "loss_rpn_loc": 0.06438080593943596, "lr": 0.0001196305, "roi_head/num_bg_samples": 110.75, "roi_head/num_fg_samples": 17.25, "rpn/num_neg_anchors": 227.75, "rpn/num_pos_anchors": 28.25, "time": 0.35513439500027744, "total_loss": 1.0001046769320965}
{"data_time": 0.0032244204999187787, "eta_seconds": 87.51061668001057, "fast_rcnn/cls_accuracy": 0.9296875, "fast_rcnn/false_negative": 0.9857142857142858, "fast_rcnn/fg_cls_accuracy": 0.014285714285714285, "iteration": 259, "loss_box_reg": 0.3245137482881546, "loss_cls": 0.21621691435575485, "loss_rpn_cls": 0.14569033682346344, "loss_rpn_loc": 0.04243047162890434, "lr": 0.0001296205, "roi_head/num_bg_samples": 117.25, "roi_head/num_fg_samples": 10.75, "rpn/num_neg_anchors": 231.75, "rpn/num_pos_anchors": 24.25, "time": 0.38575952349992804, "total_loss": 0.7959893858060241}
