{"data_time": 0.0034882930003732326, "eta_seconds": 79.88045049496122, "fast_rcnn/cls_accuracy": 0.248046875, "fast_rcnn/false_negative": 0.061553030303030304, "fast_rcnn/fg_cls_accuracy": 0.9384469696969697, "iteration": 19, "loss_box_reg": 0.4105948209762573, "loss_cls": 0.7978526055812836, "loss_rpn_cls": 0.22582466155290604, "loss_rpn_loc": 0.023948458954691887, "lr": 1.9231e-05, "roi_head/num_bg_samples": 114.75, "roi_head/num_fg_samples": 13.25, "rpn/num_neg_anchors": 244.5, "rpn/num_pos_anchors": 11.5, "time": 0.3473063064998314, "total_loss": 1.4127618954516947}
{"data_time": 0.0025317605000054755, "eta_seconds": 73.3113680250517, "fast_rcnn/cls_accuracy": 0.8359375, "fast_rcnn/false_negative": 0.8983268983268984, "fast_rcnn/fg_cls_accuracy": 0.10167310167310167, "iteration": 39, "loss_box_reg": 0.36077336966991425, "loss_cls": 0.5496513843536377, "loss_rpn_cls": 0.22259953618049622, "loss_rpn_loc": 0.03761518560349941, "lr": 3.9211e-05, "roi_head/num_bg_samples": 116.0, "roi_head/num_fg_samples": 12.0, "rpn/num_neg_anchors": 229.5, "rpn/num_pos_anchors": 26.5, "time": 0.3509223455002939, "total_loss": 1.2525829505175352}
{"data_time": 0.0028200455003570823, "eta_seconds": 66.80633206004131, "fast_rcnn/cls_accuracy": 0.892578125, "fast_rcnn/false_negative": 1.0, "fast_rcnn/fg_cls_accuracy": 0.0, "iteration": 59, "loss_box_reg": 0.4418523609638214, "loss_cls": 0.3760030269622803, "loss_rpn_cls": 0.2180182784795761, "loss_rpn_loc": 0.04623167961835861, "lr": 5.9190999999999996e-05, "roi_head/num_bg_samples": 114.25, "roi_head/num_fg_samples": 13.75, "rpn/num_neg_anchors": 226.0, "rpn/num_pos_anchors": 30.0, "time": 0.3597963530000925, "total_loss": 1.2456733137369156}
{"data_time": 0.0027970855003331963, "eta_seconds": 60.77514849494946, "fast_rcnn/cls_accuracy": 0.900390625, "fast_rcnn/false_negative": 1.0, "fast_rcnn/fg_cls_accuracy": 0.0, "iteration": 79, "loss_box_reg": 0.3899335414171219, "loss_cls": 0.29077787697315216, "loss_rpn_cls": 0.16454437375068665, "loss_rpn_loc": 0.03970167599618435, "lr": 7.9171e-05, "roi_head/num_bg_samples": 115.25, "roi_head/num_fg_samples": 12.75, "rpn/num_neg_anchors": 226.75, "rpn/num_pos_anchors": 29.25, "time": 0.37249350299998696, "total_loss": 1.032128006219864}
