{"data_time": 0.0011734524999837959, "eta_seconds": 49.695882480000364, "fast_rcnn/cls_accuracy": 0.625, "fast_rcnn/false_negative": 0.75, "fast_rcnn/fg_cls_accuracy": 0.25, "iteration": 19, "loss_box_reg": 0.9757649600505829, "loss_cls": 0.6621587872505188, "loss_rpn_cls": 0.15461377799510956, "loss_rpn_loc": 0.014688587747514248, "lr": 3.8962e-06, "roi_head/num_bg_samples": 6.0, "roi_head/num_fg_samples": 2.0, "rpn/num_neg_anchors": 244.0, "rpn/num_pos_anchors": 12.0, "time": 0.10353308850000076, "total_loss": 1.897293754387647}
{"data_time": 0.00132613499999934, "eta_seconds": 52.61928201002547, "fast_rcnn/cls_accuracy": 0.625, "fast_rcnn/false_negative": 1.0, "fast_rcnn/fg_cls_accuracy": 0.0, "iteration": 39, "loss_box_reg": 0.8698559105396271, "loss_cls": 0.638769119977951, "loss_rpn_cls": 0.2878546118736267, "loss_rpn_loc": 0.02785375900566578, "lr": 7.8922e-06, "roi_head/num_bg_samples": 6.0, "roi_head/num_fg_samples": 2.0, "rpn/num_neg_anchors": 243.0, "rpn/num_pos_anchors": 13.0, "time": 0.13061428200001046, "total_loss": 1.7714397984091192}
{"data_time": 0.0012072839999746066, "eta_seconds": 51.95098897999742, "fast_rcnn/cls_accuracy": 0.75, "fast_rcnn/false_negative": 1.0, "fast_rcnn/fg_cls_accuracy": 0.0, "iteration": 59, "loss_box_reg": 0.9455715715885162, "loss_cls": 0.5915117859840393, "loss_rpn_cls": 0.26859958469867706, "loss_rpn_loc": 0.02474576886743307, "lr": 1.1888199999999999e-05, "roi_head/num_bg_samples": 6.0, "roi_head/num_fg_samples": 2.0, "rpn/num_neg_anchors": 244.5, "rpn/num_pos_anchors": 11.5, "time": 0.11807042949999413, "total_loss": 1.81834089406766}
{"data_time": 0.0008342690000517905, "eta_seconds": 48.41374146002181, "fast_rcnn/cls_accuracy": 0.75, "fast_rcnn/false_negative": 1.0, "fast_rcnn/fg_cls_accuracy": 0.0, "iteration": 79, "loss_box_reg": 1.1009790897369385, "loss_cls": 0.6039565801620483, "loss_rpn_cls": 0.205649696290493, "loss_rpn_loc": 0.026291594840586185, "lr": 1.5884200000000003e-05, "roi_head/num_bg_samples": 6.0, "roi_head/num_fg_samples": 2.0, "rpn/num_neg_anchors": 241.0, "rpn/num_pos_anchors": 15.0, "time": 0.11476912799992078, "total_loss": 2.0241217957809567}
{"data_time": 0.0013247895001313736, "eta_seconds": 46.342208399983065, "fast_rcnn/cls_accuracy": 0.75, "fast_rcnn/false_negative": 1.0, "fast_rcnn/fg_cls_accuracy": 0.0, "iteration": 99, "loss_box_reg": 0.9331991970539093, "loss_cls": 0.5318091809749603, "loss_rpn_cls": 0.1881813332438469, "loss_rpn_loc": 0.007863936945796013, "lr": 1.9880200000000003e-05, "roi_head/num_bg_samples": 6.0, "roi_head/num_fg_samples": 2.0, "rpn/num_neg_anchors": 250.0, "rpn/num_pos_anchors": 6.0, "time": 0.11930408500006706, "total_loss": 1.7148218349320814}
{"data_time": 0.0012061884999639005, "eta_seconds": 43.802908940019734, "fast_rcnn/cls_accuracy": 0.75, "fast_rcnn/false_negative": 1.0, "fast_rcnn/fg_cls_accuracy": 0.0, "iteration": 119, "loss_box_reg": 0.9479537010192871, "loss_cls": 0.5425970554351807, "loss_rpn_cls": 0.21124621480703354, "loss_rpn_loc": 0.006517486181110144, "lr": 2.38762e-05, "roi_head/num_bg_samples": 6.0, "roi_head/num_fg_samples": 2.0, "rpn/num_neg_anchors": 252.5, "rpn/num_pos_anchors": 3.5, "time": 0.11187065899991921, "total_loss": 1.747759473277256}
{"data_time": 0.0013059540000313064, "eta_seconds": 41.497492680018695, "fast_rcnn/cls_accuracy": 0.75, "fast_rcnn/false_negative": 1.0, "fast_rcnn/fg_cls_accuracy": 0.0, "iteration": 139, "loss_box_reg": 0.9504125118255615, "loss_cls": 0.4802033603191376, "loss_rpn_cls": 0.2084868848323822, "loss_rpn_loc": 0.020890511572360992, "lr": 2.7872200000000004e-05, "roi_head/num_bg_samples": 6.0, "roi_head/num_fg_samples": 2.0, "rpn/num_neg_anchors": 239.5, "rpn/num_pos_anchors": 16.5, "time": 0.1139549064998846, "total_loss": 1.6366152851842344}
