{"data_time": 0.00048408100337837823, "eta_seconds": 74.93003712035716, "fast_rcnn/cls_accuracy": 0.546875, "fast_rcnn/false_negative": 0.125, "fast_rcnn/fg_cls_accuracy": 0.875, "iteration": 19, "loss_box_reg": 0.902587890625, "loss_cls": 0.7027465999126434, "loss_rpn_cls": 0.025294707156717777, "loss_rpn_loc": 0.004627282032743096, "lr": 3.8962e-06, "roi_head/num_bg_samples": 24.0, "roi_head/num_fg_samples": 8.0, "rpn/num_neg_anchors": 253.0, "rpn/num_pos_anchors": 3.0, "time": 0.15610424400074407, "total_loss": 1.6160156845580786}
{"data_time": 0.0014048624980205204, "eta_seconds": 70.47737211090862, "fast_rcnn/cls_accuracy": 0.578125, "fast_rcnn/false_negative": 0.25, "fast_rcnn/fg_cls_accuracy": 0.75, "iteration": 39, "loss_box_reg": 0.8357542455196381, "loss_cls": 0.6793217360973358, "loss_rpn_cls": 0.03409792669117451, "loss_rpn_loc": 0.004949770402163267, "lr": 7.8922e-06, "roi_head/num_bg_samples": 24.0, "roi_head/num_fg_samples": 8.0, "rpn/num_neg_anchors": 252.0, "rpn/num_pos_anchors": 4.0, "time": 0.15178044600543217, "total_loss": 1.560046709724702}
{"data_time": 0.0015188735014817212, "eta_seconds": 67.25572897979873, "fast_rcnn/cls_accuracy": 0.765625, "fast_rcnn/false_negative": 0.625, "fast_rcnn/fg_cls_accuracy": 0.375, "iteration": 59, "loss_box_reg": 0.9330827593803406, "loss_cls": 0.5995324552059174, "loss_rpn_cls": 0.009127485565841198, "loss_rpn_loc": 0.005584224127233028, "lr": 1.1888199999999999e-05, "roi_head/num_bg_samples": 24.0, "roi_head/num_fg_samples": 8.0, "rpn/num_neg_anchors": 252.0, "rpn/num_pos_anchors": 4.0, "time": 0.14811872700011008, "total_loss": 1.5825637571979314}
{"data_time": 0.0012875210013589822, "eta_seconds": 63.39001872147492, "fast_rcnn/cls_accuracy": 0.75, "fast_rcnn/false_negative": 1.0, "fast_rcnn/fg_cls_accuracy": 0.0, "iteration": 79, "loss_box_reg": 0.9864358305931091, "loss_cls": 0.5723546147346497, "loss_rpn_cls": 0.018463071435689926, "loss_rpn_loc": 0.0064483999740332365, "lr": 1.5884200000000003e-05, "roi_head/num_bg_samples": 24.0, "roi_head/num_fg_samples": 8.0, "rpn/num_neg_anchors": 252.0, "rpn/num_pos_anchors": 4.0, "time": 0.14821734800352715, "total_loss": 1.564922891149763}
{"data_time": 0.0014485780011455063, "eta_seconds": 61.06513499835273, "fast_rcnn/cls_accuracy": 0.78125, "fast_rcnn/false_negative": 1.0, "fast_rcnn/fg_cls_accuracy": 0.0, "iteration": 99, "loss_box_reg": 0.8512532711029053, "loss_cls": 0.5122323632240295, "loss_rpn_cls": 0.02686598151922226, "loss_rpn_loc": 0.0067683020606637, "lr": 1.9880200000000003e-05, "roi_head/num_bg_samples": 24.0, "roi_head/num_fg_samples": 8.0, "rpn/num_neg_anchors": 252.0, "rpn/num_pos_anchors": 4.0, "time": 0.1587822715009679, "total_loss": 1.3970905628520995}
{"data_time": 0.001355726501060417, "eta_seconds": 57.90816750843078, "fast_rcnn/cls_accuracy": 0.75, "fast_rcnn/false_negative": 1.0, "fast_rcnn/fg_cls_accuracy": 0.0, "iteration": 119, "loss_box_reg": 0.9534307420253754, "loss_cls": 0.47516676783561707, "loss_rpn_cls": 0.012098841369152069, "loss_rpn_loc": 0.0031576886540278792, "lr": 2.38762e-05, "roi_head/num_bg_samples": 24.0, "roi_head/num_fg_samples": 8.0, "rpn/num_neg_anchors": 252.5, "rpn/num_pos_anchors": 3.5, "time": 0.15133417600009125, "total_loss": 1.4500167894184415}
{"data_time": 0.0014166474975354504, "eta_seconds": 55.09572372029652, "fast_rcnn/cls_accuracy": 0.75, "fast_rcnn/false_negative": 1.0, "fast_rcnn/fg_cls_accuracy": 0.0, "iteration": 139, "loss_box_reg": 0.8739409148693085, "loss_cls": 0.48061758279800415, "loss_rpn_cls": 0.020777765661478043, "loss_rpn_loc": 0.004860421642661095, "lr": 2.7872200000000004e-05, "roi_head/num_bg_samples": 24.0, "roi_head/num_fg_samples": 8.0, "rpn/num_neg_anchors": 252.0, "rpn/num_pos_anchors": 4.0, "time": 0.15998491150094196, "total_loss": 1.4138885946013033}
{"data_time": 0.0013505815040844027, "eta_seconds": 52.06409732098109, "fast_rcnn/cls_accuracy": 0.75, "fast_rcnn/false_negative": 1.0, "fast_rcnn/fg_cls_accuracy": 0.0, "iteration": 159, "loss_box_reg": 0.8454637229442596, "loss_cls": 0.45771393179893494, "loss_rpn_cls": 0.02871677652001381, "loss_rpn_loc": 0.005776443285867572, "lr": 3.18682e-05, "roi_head/num_bg_samples": 24.0, "roi_head/num_fg_samples": 8.0, "rpn/num_neg_anchors": 252.0, "rpn/num_pos_anchors": 4.0, "time": 0.15609625299839536, "total_loss": 1.3686601051595062}
{"data_time": 0.0013551410011132248, "eta_seconds": 48.96228048019111, "fast_rcnn/cls_accuracy": 0.78125, "fast_rcnn/false_negative": 1.0, "fast_rcnn/fg_cls_accuracy": 0.0, "iteration": 179, "loss_box_reg": 0.7056019008159637, "loss_cls": 0.41160544753074646, "loss_rpn_cls": 0.013936986681073904, "loss_rpn_loc": 0.007031422108411789, "lr": 3.5864199999999995e-05, "roi_head/num_bg_samples": 25.5, "roi_head/num_fg_samples": 6.5, "rpn/num_neg_anchors": 252.0, "rpn/num_pos_anchors": 4.0, "time": 0.1493386570000439, "total_loss": 1.2127394089911832}
{"data_time": 0.0013391520005825441, "eta_seconds": 45.805166248828755, "fast_rcnn/cls_accuracy": 0.75, "fast_rcnn/false_negative": 1.0, "fast_rcnn/fg_cls_accuracy": 0.0, "iteration": 199, "loss_box_reg": 0.9137336313724518, "loss_cls": 0.4512369781732559, "loss_rpn_cls": 0.015027540735900402, "loss_rpn_loc": 0.009935213718563318, "lr": 3.98602e-05, "roi_head/num_bg_samples": 24.0, "roi_head/num_fg_samples": 8.0, "rpn/num_neg_anchors": 251.0, "rpn/num_pos_anchors": 5.0, "time": 0.14765569100200082, "total_loss": 1.4092879644595087}
{"data_time": 0.0016573009997955523, "eta_seconds": 42.92239405971486, "fast_rcnn/cls_accuracy": 0.75, "fast_rcnn/false_negative": 1.0, "fast_rcnn/fg_cls_accuracy": 0.0, "iteration": 219, "loss_box_reg": 0.9290198683738708, "loss_cls": 0.4427861273288727, "loss_rpn_cls": 0.011136861983686686, "loss_rpn_loc": 0.00321348849684, "lr": 4.38562e-05, "roi_head/num_bg_samples": 24.0, "roi_head/num_fg_samples": 8.0, "rpn/num_neg_anchors": 253.0, "rpn/num_pos_anchors": 3.0, "time": 0.17368392800199217, "total_loss": 1.402401705214288}
{"data_time": 0.0013867214984202292, "eta_seconds": 40.216478120710235, "fast_rcnn/cls_accuracy": 0.78125, "fast_rcnn/false_negative": 1.0, "fast_rcnn/fg_cls_accuracy": 0.0, "iteration": 239, "loss_box_reg": 0.8608516454696655, "loss_cls": 0.39304469525814056, "loss_rpn_cls": 0.01942128874361515, "loss_rpn_loc": 0.00642679282464087, "lr": 4.78522e-05, "roi_head/num_bg_samples": 24.0, "roi_head/num_fg_samples": 8.0, "rpn/num_neg_anchors": 252.0, "rpn/num_pos_anchors": 4.0, "time": 0.18081428049845272, "total_loss": 1.3073127027601004}
{"data_time": 0.001247165502718417, "eta_seconds": 37.022852760565, "fast_rcnn/cls_accuracy": 0.78125, "fast_rcnn/false_negative": 1.0, "fast_rcnn/fg_cls_accuracy": 0.0, "iteration": 259, "loss_box_reg": 0.8611027598381042, "loss_cls": 0.3673490583896637, "loss_rpn_cls": 0.02092395070940256, "loss_rpn_loc": 0.005029103718698025, "lr": 5.18482e-05, "roi_head/num_bg_samples": 24.0, "roi_head/num_fg_samples": 8.0, "rpn/num_neg_anchors": 252.0, "rpn/num_pos_anchors": 4.0, "time": 0.15376856050352217, "total_loss": 1.2233538417349337}
{"data_time": 0.0013776214982499368, "eta_seconds": 34.09299641032703, "fast_rcnn/cls_accuracy": 0.796875, "fast_rcnn/false_negative": 1.0, "fast_rcnn/fg_cls_accuracy": 0.0, "iteration": 279, "loss_box_reg": 0.6415191292762756, "loss_cls": 0.35079750418663025, "loss_rpn_cls": 0.019844706170260906, "loss_rpn_loc": 0.006962642539292574, "lr": 5.584420000000001e-05, "roi_head/num_bg_samples": 24.5, "roi_head/num_fg_samples": 7.5, "rpn/num_neg_anchors": 252.0, "rpn/num_pos_anchors": 4.0, "time": 0.1563448814995354, "total_loss": 1.0374896894209087}
{"data_time": 0.001322306001384277, "eta_seconds": 31.01588920035283, "fast_rcnn/cls_accuracy": 0.796875, "fast_rcnn/false_negative": 1.0, "fast_rcnn/fg_cls_accuracy": 0.0, "iteration": 299, "loss_box_reg": 0.767000138759613, "loss_cls": 0.34843383729457855, "loss_rpn_cls": 0.017611117102205753, "loss_rpn_loc": 0.009985165670514107, "lr": 5.9840200000000003e-05, "roi_head/num_bg_samples": 24.0,