{"data_time": 0.001347023499874922, "eta_seconds": 102.1752074401229, "fast_rcnn/cls_accuracy": 0.4375, "fast_rcnn/false_negative": 0.0, "fast_rcnn/fg_cls_accuracy": 1.0, "iteration": 19, "loss_box_reg": 1.0380145907402039, "loss_cls": 0.7181839048862457, "loss_rpn_cls": 0.18979455530643463, "loss_rpn_loc": 0.017356745433062315, "lr": 3.8962e-06, "roi_head/num_bg_samples": 6.0, "roi_head/num_fg_samples": 2.0, "rpn/num_neg_anchors": 243.0, "rpn/num_pos_anchors": 13.0, "time": 0.21286501550025605, "total_loss": 2.120985459536314}
{"data_time": 0.0013274150001052476, "eta_seconds": 95.02261216005991, "fast_rcnn/cls_accuracy": 0.375, "fast_rcnn/false_negative": 0.5, "fast_rcnn/fg_cls_accuracy": 0.5, "iteration": 39, "loss_box_reg": 0.7904777228832245, "loss_cls": 0.7266517281532288, "loss_rpn_cls": 0.24154983460903168, "loss_rpn_loc": 0.01324298046529293, "lr": 7.8922e-06, "roi_head/num_bg_samples": 6.0, "roi_head/num_fg_samples": 2.0, "rpn/num_neg_anchors": 245.5, "rpn/num_pos_anchors": 10.5, "time": 0.19980268250014888, "total_loss": 1.844014871865511}
{"data_time": 0.0012886004999472789, "eta_seconds": 91.65060211998025, "fast_rcnn/cls_accuracy": 0.75, "fast_rcnn/false_negative": 1.0, "fast_rcnn/fg_cls_accuracy": 0.0, "iteration": 59, "loss_box_reg": 1.0949776768684387, "loss_cls": 0.6361863613128662, "loss_rpn_cls": 0.18440474569797516, "loss_rpn_loc": 0.014442373532801867, "lr": 1.1888199999999999e-05, "roi_head/num_bg_samples": 6.0, "roi_head/num_fg_samples": 2.0, "rpn/num_neg_anchors": 240.5, "rpn/num_pos_anchors": 15.5, "time": 0.2173757040000055, "total_loss": 1.9625437618233263}
{"data_time": 0.00147349949997988, "eta_seconds": 90.6702352500497, "fast_rcnn/cls_accuracy": 0.75, "fast_rcnn/false_negative": 1.0, "fast_rcnn/fg_cls_accuracy": 0.0, "iteration": 79, "loss_box_reg": 0.9585058093070984, "loss_cls": 0.5623942911624908, "loss_rpn_cls": 0.16908561438322067, "loss_rpn_loc": 0.016312544234097004, "lr": 1.5884200000000003e-05, "roi_head/num_bg_samples": 6.0, "roi_head/num_fg_samples": 2.0, "rpn/num_neg_anchors": 241.5, "rpn/num_pos_anchors": 14.5, "time": 0.23871683150014178, "total_loss": 1.7004368137568235}
{"data_time": 0.0013321719998202752, "eta_seconds": 84.99735119994511, "fast_rcnn/cls_accuracy": 0.75, "fast_rcnn/false_negative": 1.0, "fast_rcnn/fg_cls_accuracy": 0.0, "iteration": 99, "loss_box_reg": 0.9472974538803101, "loss_cls": 0.5503718256950378, "loss_rpn_cls": 0.18088887631893158, "loss_rpn_loc": 0.01907722558826208, "lr": 1.9880200000000003e-05, "roi_head/num_bg_samples": 6.0, "roi_head/num_fg_samples": 2.0, "rpn/num_neg_anchors": 241.0, "rpn/num_pos_anchors": 15.0, "time": 0.2027615435001735, "total_loss": 1.8138639670796692}
{"data_time": 0.0013063040000815818, "eta_seconds": 80.22210362005808, "fast_rcnn/cls_accuracy": 0.75, "fast_rcnn/false_negative": 1.0, "fast_rcnn/fg_cls_accuracy": 0.0, "iteration": 119, "loss_box_reg": 1.000344455242157, "loss_cls": 0.5184676051139832, "loss_rpn_cls": 0.15310774743556976, "loss_rpn_loc": 0.014079026877880096, "lr": 2.38762e-05, "roi_head/num_bg_samples": 6.0, "roi_head/num_fg_samples": 2.0, "rpn/num_neg_anchors": 243.0, "rpn/num_pos_anchors": 13.0, "time": 0.20822713650022706, "total_loss": 1.7240238743834198}
{"data_time": 0.001499689500178647, "eta_seconds": 76.77692640001624, "fast_rcnn/cls_accuracy": 0.75, "fast_rcnn/false_negative": 1.0, "fast_rcnn/fg_cls_accuracy": 0.0, "iteration": 139, "loss_box_reg": 0.8981109857559204, "loss_cls": 0.49756863713264465, "loss_rpn_cls": 0.1507604569196701, "loss_rpn_loc": 0.012219155207276344, "lr": 2.7872200000000004e-05, "roi_head/num_bg_samples": 6.0, "roi_head/num_fg_samples": 2.0, "rpn/num_neg_anchors": 241.0, "rpn/num_pos_anchors": 15.0, "time": 0.21482679350015133, "total_loss": 1.7197762597352266}
{"data_time": 0.001377952999973786, "eta_seconds": 72.2161774799406, "fast_rcnn/cls_accuracy": 0.75, "fast_rcnn/false_negative": 1.0, "fast_rcnn/fg_cls_accuracy": 0.0, "iteration": 159, "loss_box_reg": 0.9550260901451111, "loss_cls": 0.5100633502006531, "loss_rpn_cls": 0.1474858671426773, "loss_rpn_loc": 0.015270523261278868, "lr": 3.18682e-05, "roi_head/num_bg_samples": 6.0, "roi_head/num_fg_samples": 2.0, "rpn/num_neg_anchors": 243.0, "rpn/num_pos_anchors": 13.0, "time": 0.21099724999999125, "total_loss": 1.6710026366636157}
{"data_time": 0.001363448499887454, "eta_seconds": 68.41462303993467, "fast_rcnn/cls_accuracy": 0.75, "fast_rcnn/false_negative": 1.0, "fast_rcnn/fg_cls_accuracy": 0.0, "iteration": 179, "loss_box_reg": 1.056273341178894, "loss_cls": 0.4511263221502304, "loss_rpn_cls": 0.08698666840791702, "loss_rpn_loc": 0.057184500619769096, "lr": 3.5864199999999995e-05, "roi_head/num_bg_samples": 6.0, "roi_head/num_fg_samples": 2.0, "rpn/num_neg_anchors": 200.5, "rpn/num_pos_anchors": 55.5, "time": 0.22801780949976092, "total_loss": 1.5916533614508808}
{"data_time": 0.0014044955003100767, "eta_seconds": 64.37000550010907, "fast_rcnn/cls_accuracy": 0.75, "fast_rcnn/false_negative": 1.0, "fast_rcnn/fg_cls_accuracy": 0.0, "iteration": 199, "loss_box_reg": 0.6830754280090332, "loss_cls": 0.44220070540905, "loss_rpn_cls": 0.19959110021591187, "loss_rpn_loc": 0.009683799464255571, "lr": 3.98602e-05, "roi_head/num_bg_samples": 6.0, "roi_head/num_fg_samples": 2.0, "rpn/num_neg_anchors": 248.0, "rpn/num_pos_anchors": 8.0, "time": 0.23031517000003987, "total_loss": 1.2885350479045883}
{"data_time": 0.0015300190000289149, "eta_seconds": 59.999260300046444, "fast_rcnn/cls_accuracy": 0.75, "fast_rcnn/false_negative": 1.0, "fast_rcnn/fg_cls_accuracy": 0.0, "iteration": 219, "loss_box_reg": 0.9598628580570221, "loss_cls": 0.46011433005332947, "loss_rpn_cls": 0.12427584454417229, "loss_rpn_loc": 0.009721372043713927, "lr": 4.38562e-05, "roi_head/num_bg_samples": 6.0, "roi_head/num_fg_samples": 2.0, "rpn/num_neg_anchors": 249.0, "rpn/num_pos_anchors": 7.0, "time": 0.21283989300013673, "total_loss": 1.6758181292098016}
{"data_time": 0.0014119955001206108, "eta_seconds": 55.71359885004313, "fast_rcnn/cls_accuracy": 0.75, "fast_rcnn/false_negative": 1.0, "fast_rcnn/fg_cls_accuracy": 0.0, "iteration": 239, "loss_box_reg": 0.9249134957790375, "loss_cls": 0.43321146070957184, "loss_rpn_cls": 0.18153930455446243, "loss_rpn_loc": 0.06005982495844364, "lr": 4.78522e-05, "roi_head/num_bg_samples": 6.0, "roi_head/num_fg_samples": 2.0, "rpn/num_neg_anchors": 227.0, "rpn/num_pos_anchors": 29.0, "time": 0.2090554355002041, "total_loss": 1.6407580031082034}
{"data_time": 0.0014137880000362202, "eta_seconds": 51.28772892003326, "fast_rcnn/cls_accuracy": 0.75, "fast_rcnn/false_negative": 1.0, "fast_rcnn/fg_cls_accuracy": 0.0, "iteration": 259, "loss_box_reg": 0.9201303422451019, "loss_cls": 0.37905487418174744, "loss_rpn_cls": 0.1477034091949463, "loss_rpn_loc": 0.009851917624473572, "lr": 5.18482e-05, "roi_head/num_bg_samples": 6.0, "roi_head/num_fg_samples": 2.0, "rpn/num_neg_anchors": 242.5, "rpn/num_pos_anchors": 13.5, "time": 0.19669224049994227, "total_loss": 1.5303635017480701}
{"data_time": 0.001410946500072896, "eta_seconds": 46.91923280000992, "fast_rcnn/cls_accuracy": 0.75, "fast_rcnn/false_negative": 1.0, "fast_rcnn/fg_cls_accuracy": 0.0, "iteration": 279, "loss_box_reg": 0.691201776266098, "loss_cls": 0.3832956403493881, "loss_rpn_cls": 0.07333912700414658, "loss_rpn_loc": 0.017618444748222828, "lr": 5.584420000000001e-05, "roi_head/num_bg_samples": 6.0, "roi_head/num_fg_samples": 2.0, "rpn/num_neg_anchors": 241.5, "rpn/num_pos_anchors": 14.5, "time": 0.19749627150008564, "total_loss": 1.179749045521021}
{"data_time": 0.0014606815000206552, "eta_seconds": 42.913337000072715, "fast_rcnn/cls_accuracy": 0.75, "fast_rcnn/false_negative": 1.0, "fast_rcnn/fg_cls_accuracy": 0.0, "iteration": 299, "loss_box_reg": 0.7749408483505249, "loss_cls": 0.3694494217634201, "loss_rpn_cls": 0.16177750378847122, "loss_rpn_loc": 0.016256737988442183, "lr": 5.9840200000000003e-05, "roi_head/num_bg_samples": 6.0, "roi_head/num_fg_samples": 2.0, "rpn/num_neg_anchors": 242.5,