{"data_time": 0.0034882930003732326, "eta_seconds": 79.88045049496122, "fast_rcnn/cls_accuracy": 0.248046875, "fast_rcnn/false_negative": 0.061553030303030304, "fast_rcnn/fg_cls_accuracy": 0.9384469696969697, "iteration": 19, "loss_box_reg": 0.4105948209762573, "loss_cls": 0.7978526055812836, "loss_rpn_cls": 0.22582466155290604, "loss_rpn_loc": 0.023948458954691887, "lr": 1.9231e-05, "roi_head/num_bg_samples": 114.75, "roi_head/num_fg_samples": 13.25, "rpn/num_neg_anchors": 244.5, "rpn/num_pos_anchors": 11.5, "time": 0.3473063064998314, "total_loss": 1.4127618954516947}
{"data_time": 0.0025317605000054755, "eta_seconds": 73.3113680250517, "fast_rcnn/cls_accuracy": 0.8359375, "fast_rcnn/false_negative": 0.8983268983268984, "fast_rcnn/fg_cls_accuracy": 0.10167310167310167, "iteration": 39, "loss_box_reg": 0.36077336966991425, "loss_cls": 0.5496513843536377, "loss_rpn_cls": 0.22259953618049622, "loss_rpn_loc": 0.03761518560349941, "lr": 3.9211e-05, "roi_head/num_bg_samples": 116.0, "roi_head/num_fg_samples": 12.0, "rpn/num_neg_anchors": 229.5, "rpn/num_pos_anchors": 26.5, "time": 0.3509223455002939, "total_loss": 1.2525829505175352}
{"data_time": 0.0028200455003570823, "eta_seconds": 66.80633206004131, "fast_rcnn/cls_accuracy": 0.892578125, "fast_rcnn/false_negative": 1.0, "fast_rcnn/fg_cls_accuracy": 0.0, "iteration": 59, "loss_box_reg": 0.4418523609638214, "loss_cls": 0.3760030269622803, "loss_rpn_cls": 0.2180182784795761, "loss_rpn_loc": 0.04623167961835861, "lr": 5.9190999999999996e-05, "roi_head/num_bg_samples": 114.25, "roi_head/num_fg_samples": 13.75, "rpn/num_neg_anchors": 226.0, "rpn/num_pos_anchors": 30.0, "time": 0.3597963530000925, "total_loss": 1.2456733137369156}
{"data_time": 0.0027970855003331963, "eta_seconds": 60.77514849494946, "fast_rcnn/cls_accuracy": 0.900390625, "fast_rcnn/false_negative": 1.0, "fast_rcnn/fg_cls_accuracy": 0.0, "iteration": 79, "loss_box_reg": 0.3899335414171219, "loss_cls": 0.29077787697315216, "loss_rpn_cls": 0.16454437375068665, "loss_rpn_loc": 0.03970167599618435, "lr": 7.9171e-05, "roi_head/num_bg_samples": 115.25, "roi_head/num_fg_samples": 12.75, "rpn/num_neg_anchors": 226.75, "rpn/num_pos_anchors": 29.25, "time": 0.37249350299998696, "total_loss": 1.032128006219864}
{"data_time": 0.0028997779995734163, "eta_seconds": 54.81254489998264, "fast_rcnn/cls_accuracy": 0.888671875, "fast_rcnn/false_negative": 1.0, "fast_rcnn/fg_cls_accuracy": 0.0, "iteration": 99, "loss_box_reg": 0.44194792211055756, "loss_cls": 0.3037385791540146, "loss_rpn_cls": 0.20474138855934143, "loss_rpn_loc": 0.032806300558149815, "lr": 9.9151e-05, "roi_head/num_bg_samples": 113.75, "roi_head/num_fg_samples": 14.25, "rpn/num_neg_anchors": 241.5, "rpn/num_pos_anchors": 14.5, "time": 0.39177469250034846, "total_loss": 1.0206887610256672}
{"data_time": 0.00271940100037682, "eta_seconds": 47.28310021503148, "fast_rcnn/cls_accuracy": 0.873046875, "fast_rcnn/false_negative": 1.0, "fast_rcnn/fg_cls_accuracy": 0.0, "iteration": 119, "loss_box_reg": 0.47062115371227264, "loss_cls": 0.2889692634344101, "loss_rpn_cls": 0.16283006221055984, "loss_rpn_loc": 0.03084740787744522, "lr": 0.00011913100000000001, "roi_head/num_bg_samples": 111.75, "roi_head/num_fg_samples": 16.25, "rpn/num_neg_anchors": 235.25, "rpn/num_pos_anchors": 20.75, "time": 0.356400847999339, "total_loss": 1.0201796889305115}
{"data_time": 0.0023940569994920224, "eta_seconds": 40.27533454995137, "fast_rcnn/cls_accuracy": 0.880859375, "fast_rcnn/false_negative": 1.0, "fast_rcnn/fg_cls_accuracy": 0.0, "iteration": 139, "loss_box_reg": 0.4658071845769882, "loss_cls": 0.25165434926748276, "loss_rpn_cls": 0.14384114742279053, "loss_rpn_loc": 0.059210192412137985, "lr": 0.000139111, "roi_head/num_bg_samples": 112.75, "roi_head/num_fg_samples": 15.25, "rpn/num_neg_anchors": 226.75, "rpn/num_pos_anchors": 29.25, "time": 0.3808325014992988, "total_loss": 0.9977733306586742}
{"data_time": 0.0029136449998077296, "eta_seconds": 33.064221285012536, "fast_rcnn/cls_accuracy": 0.904296875, "fast_rcnn/false_negative": 1.0, "fast_rcnn/fg_cls_accuracy": 0.0, "iteration": 159, "loss_box_reg": 0.3533952385187149, "loss_cls": 0.2405591681599617, "loss_rpn_cls": 0.12571252509951591, "loss_rpn_loc": 0.011853303294628859, "lr": 0.000159091, "roi_head/num_bg_samples": 115.75, "roi_head/num_fg_samples": 12.25, "rpn/num_neg_anchors": 248.25, "rpn/num_pos_anchors": 7.75, "time": 0.3714919250001003, "total_loss": 0.7759735276922584}
{"data_time": 0.002376202500272484, "eta_seconds": 25.71661655500975, "fast_rcnn/cls_accuracy": 0.884765625, "fast_rcnn/false_negative": 1.0, "fast_rcnn/fg_cls_accuracy": 0.0, "iteration": 179, "loss_box_reg": 0.44185493886470795, "loss_cls": 0.22121460735797882, "loss_rpn_cls": 0.12605604529380798, "loss_rpn_loc": 0.03636668995022774, "lr": 0.000179071, "roi_head/num_bg_samples": 113.0, "roi_head/num_fg_samples": 15.0, "rpn/num_neg_anchors": 237.0, "rpn/num_pos_anchors": 19.0, "time": 0.3728223975003857, "total_loss": 0.83315509557724}
{"data_time": 0.002504709999811894, "eta_seconds": 18.50582044996827, "fast_rcnn/cls_accuracy": 0.884765625, "fast_rcnn/false_negative": 1.0, "fast_rcnn/fg_cls_accuracy": 0.0, "iteration": 199, "loss_box_reg": 0.4301365166902542, "loss_cls": 0.24175133556127548, "loss_rpn_cls": 0.134008951485157, "loss_rpn_loc": 0.04160070978105068, "lr": 0.000199051, "roi_head/num_bg_samples": 113.25, "roi_head/num_fg_samples": 14.75, "rpn/num_neg_anchors": 235.25, "rpn/num_pos_anchors": 20.75, "time": 0.3881574854999599, "total_loss": 0.8723590914160013}
{"data_time": 0.002793339999698219, "eta_seconds": 11.103492269980961, "fast_rcnn/cls_accuracy": 0.90625, "fast_rcnn/false_negative": 0.9878048780487805, "fast_rcnn/fg_cls_accuracy": 0.012195121951219513, "iteration": 219, "loss_box_reg": 0.32814325392246246, "loss_cls": 0.24038440734148026, "loss_rpn_cls": 0.127124585211277, "loss_rpn_loc": 0.03340954706072807, "lr": 0.000219031, "roi_head/num_bg_samples": 116.0, "roi_head/num_fg_samples": 12.0, "rpn/num_neg_anchors": 236.5, "rpn/num_pos_anchors": 19.5, "time": 0.3678957375000209, "total_loss": 0.7681440180167556}
{"data_time": 0.0028884719999950903, "eta_seconds": 3.7051759949963525, "fast_rcnn/cls_accuracy": 0.904296875, "fast_rcnn/false_negative": 0.9642857142857143, "fast_rcnn/fg_cls_accuracy": 0.03571428571428571, "iteration": 239, "loss_box_reg": 0.3474790155887604, "loss_cls": 0.22104456275701523, "loss_rpn_cls": 0.12323009222745895, "loss_rpn_loc": 0.030913574621081352, "lr": 0.00023901100000000002, "roi_head/num_bg_samples": 114.75, "roi_head/num_fg_samples": 13.25, "rpn/num_neg_anchors": 237.0, "rpn/num_pos_anchors": 19.0, "time": 0.3717853150001247, "total_loss": 0.7895376533269882}
{"data_time": 0.0026195230002485914, "eta_seconds": 0.0, "fast_rcnn/cls_accuracy": 0.927734375, "fast_rcnn/false_negative": 0.9226190476190477, "fast_rcnn/fg_cls_accuracy": 0.07738095238095238, "iteration": 249, "loss_box_reg": 0.26795022189617157, "loss_cls": 0.20594347268342972, "loss_rpn_cls": 0.1256108507514, "loss_rpn_loc": 0.03807525336742401, "lr": 0.000249001, "roi_head/num_bg_samples": 118.5, "roi_head/num_fg_samples": 9.5, "rpn/num_neg_anchors": 239.5, "rpn/num_pos_anchors": 16.5, "time": 0.36961996399986674, "total_loss": 0.6836676662787795}
