{"data_time": 0.001091837500013071, "eta_seconds": 52.29650544001288, "fast_rcnn/cls_accuracy": 0.5, "fast_rcnn/false_negative": 0.25, "fast_rcnn/fg_cls_accuracy": 0.75, "iteration": 19, "loss_box_reg": 0.947477400302887, "loss_cls": 0.67796191573143, "loss_rpn_cls": 0.30369505286216736, "loss_rpn_loc": 0.0101498793810606, "lr": 3.8962e-06, "roi_head/num_bg_samples": 6.0, "roi_head/num_fg_samples": 2.0, "rpn/num_neg_anchors": 247.5, "rpn/num_pos_anchors": 8.5, "time": 0.10895105300002683, "total_loss": 1.8740676809102297}
{"data_time": 0.0009503344999757246, "eta_seconds": 54.019270390001, "fast_rcnn/cls_accuracy": 0.5, "fast_rcnn/false_negative": 0.5, "fast_rcnn/fg_cls_accuracy": 0.5, "iteration": 39, "loss_box_reg": 0.816184937953949, "loss_cls": 0.6766226589679718, "loss_rpn_cls": 0.2444281205534935, "loss_rpn_loc": 0.01634626742452383, "lr": 7.8922e-06, "roi_head/num_bg_samples": 6.0, "roi_head/num_fg_samples": 2.0, "rpn/num_neg_anchors": 245.5, "rpn/num_pos_anchors": 10.5, "time": 0.11844992999999704, "total_loss": 1.6788950907066464}
{"data_time": 0.0003913404999877912, "eta_seconds": 50.81369700000096, "fast_rcnn/cls_accuracy": 0.625, "fast_rcnn/false_negative": 1.0, "fast_rcnn/fg_cls_accuracy": 0.0, "iteration": 59, "loss_box_reg": 0.8801973164081573, "loss_cls": 0.6307386457920074, "loss_rpn_cls": 0.19518696516752243, "loss_rpn_loc": 0.018509086221456528, "lr": 1.1888199999999999e-05, "roi_head/num_bg_samples": 6.0, "roi_head/num_fg_samples": 2.0, "rpn/num_neg_anchors": 242.5, "rpn/num_pos_anchors": 13.5, "time": 0.11360665250001034, "total_loss": 1.873772097635083}
{"data_time": 0.0013462645000004159, "eta_seconds": 47.71479405000434, "fast_rcnn/cls_accuracy": 0.75, "fast_rcnn/false_negative": 1.0, "fast_rcnn/fg_cls_accuracy": 0.0, "iteration": 79, "loss_box_reg": 0.8494089543819427, "loss_cls": 0.5933150947093964, "loss_rpn_cls": 0.282875657081604, "loss_rpn_loc": 0.0073056628461927176, "lr": 1.5884200000000003e-05, "roi_head/num_bg_samples": 6.0, "roi_head/num_fg_samples": 2.0, "rpn/num_neg_anchors": 250.0, "rpn/num_pos_anchors": 6.0, "time": 0.11001147149997337, "total_loss": 1.7485996009781957}
{"data_time": 0.0012023694999641066, "eta_seconds": 45.442661000004136, "fast_rcnn/cls_accuracy": 0.75, "fast_rcnn/false_negative": 1.0, "fast_rcnn/fg_cls_accuracy": 0.0, "iteration": 99, "loss_box_reg": 0.9056276679039001, "loss_cls": 0.561788409948349, "loss_rpn_cls": 0.20910216122865677, "loss_rpn_loc": 0.010945546440780163, "lr": 1.9880200000000003e-05, "roi_head/num_bg_samples": 6.0, "roi_head/num_fg_samples": 2.0, "rpn/num_neg_anchors": 249.5, "rpn/num_pos_anchors": 6.5, "time": 0.11451022200000693, "total_loss": 1.7543994599254802}
{"data_time": 0.001158949000028997, "eta_seconds": 43.736274609998986, "fast_rcnn/cls_accuracy": 0.75, "fast_rcnn/false_negative": 1.0, "fast_rcnn/fg_cls_accuracy": 0.0, "iteration": 119, "loss_box_reg": 0.9700163006782532, "loss_cls": 0.5272204577922821, "loss_rpn_cls": 0.17904065549373627, "loss_rpn_loc": 0.01664629951119423, "lr": 2.38762e-05, "roi_head/num_bg_samples": 6.0, "roi_head/num_fg_samples": 2.0, "rpn/num_neg_anchors": 239.5, "rpn/num_pos_anchors": 16.5, "time": 0.1279646019999916, "total_loss": 1.7242488386109471}
{"data_time": 0.0013735115000201858, "eta_seconds": 42.219458459993575, "fast_rcnn/cls_accuracy": 0.75, "fast_rcnn/false_negative": 1.0, "fast_rcnn/fg_cls_accuracy": 0.0, "iteration": 139, "loss_box_reg": 0.9118563532829285, "loss_cls": 0.4616279751062393, "loss_rpn_cls": 0.23356183618307114, "loss_rpn_loc": 0.010234134970232844, "lr": 2.7872200000000004e-05, "roi_head/num_bg_samples": 6.0, "roi_head/num_fg_samples": 2.0, "rpn/num_neg_anchors": 248.5, "rpn/num_pos_anchors": 7.5, "time": 0.1295415335000314, "total_loss": 1.6661712862551212}
{"data_time": 0.00035805800001753596, "eta_seconds": 39.52632718999837, "fast_rcnn/cls_accuracy": 0.75, "fast_rcnn/false_negative": 1.0, "fast_rcnn/fg_cls_accuracy": 0.0, "iteration": 159, "loss_box_reg": 1.0263274908065796, "loss_cls": 0.5071229636669159, "loss_rpn_cls": 0.16719450801610947, "loss_rpn_loc": 0.04077906906604767, "lr": 3.18682e-05, "roi_head/num_bg_samples": 6.0, "roi_head/num_fg_samples": 2.0, "rpn/num_neg_anchors": 240.5, "rpn/num_pos_anchors": 15.5, "time": 0.11494829800000161, "total_loss": 1.7235386837273836}
{"data_time": 0.0012012834999950428, "eta_seconds": 37.1274092800013, "fast_rcnn/cls_accuracy": 0.75, "fast_rcnn/false_negative": 1.0, "fast_rcnn/fg_cls_accuracy": 0.0, "iteration": 179, "loss_box_reg": 0.9573100209236145, "loss_cls": 0.4774262607097626, "loss_rpn_cls": 0.1951087862253189, "loss_rpn_loc": 0.017754917964339256, "lr": 3.5864199999999995e-05, "roi_head/num_bg_samples": 6.0, "roi_head/num_fg_samples": 2.0, "rpn/num_neg_anchors": 250.0, "rpn/num_pos_anchors": 6.0, "time": 0.11384603150000316, "total_loss": 1.5590120842680335}
{"data_time": 0.00043408549998957824, "eta_seconds": 34.213906350001366, "fast_rcnn/cls_accuracy": 0.75, "fast_rcnn/false_negative": 1.0, "fast_rcnn/fg_cls_accuracy": 0.0, "iteration": 199, "loss_box_reg": 0.9842125773429871, "loss_cls": 0.49151891469955444, "loss_rpn_cls": 0.18095607310533524, "loss_rpn_loc": 0.038653479889035225, "lr": 3.98602e-05, "roi_head/num_bg_samples": 6.0, "roi_head/num_fg_samples": 2.0, "rpn/num_neg_anchors": 239.0, "rpn/num_pos_anchors": 17.0, "time": 0.10898886949999564, "total_loss": 1.675649965822231}
{"data_time": 0.0012698554999985845, "eta_seconds": 31.931196919997547, "fast_rcnn/cls_accuracy": 0.75, "fast_rcnn/false_negative": 1.0, "fast_rcnn/fg_cls_accuracy": 0.0, "iteration": 219, "loss_box_reg": 0.8565632700920105, "loss_cls": 0.44313134253025055, "loss_rpn_cls": 0.2227781116962433, "loss_rpn_loc": 0.03612338751554489, "lr": 4.38562e-05, "roi_head/num_bg_samples": 6.0, "roi_head/num_fg_samples": 2.0, "rpn/num_neg_anchors": 237.5, "rpn/num_pos_anchors": 18.5, "time": 0.11243518550000431, "total_loss": 1.712836023652926}
{"data_time": 0.0005436670000165122, "eta_seconds": 29.672563309995894, "fast_rcnn/cls_accuracy": 0.75, "fast_rcnn/false_negative": 1.0, "fast_rcnn/fg_cls_accuracy": 0.0, "iteration": 239, "loss_box_reg": 0.987777441740036, "loss_cls": 0.47427187860012054, "loss_rpn_cls": 0.16716574132442474, "loss_rpn_loc": 0.011903875041753054, "lr": 4.78522e-05, "roi_head/num_bg_samples": 6.0, "roi_head/num_fg_samples": 2.0, "rpn/num_neg_anchors": 247.0, "rpn/num_pos_anchors": 9.0, "time": 0.11684236749999855, "total_loss": 1.7558922830503434}
{"data_time": 0.00139087549996475, "eta_seconds": 27.423572879997664, "fast_rcnn/cls_accuracy": 0.75, "fast_rcnn/false_negative": 1.0, "fast_rcnn/fg_cls_accuracy": 0.0, "iteration": 259, "loss_box_reg": 0.9036538600921631, "loss_cls": 0.43748757243156433, "loss_rpn_cls": 0.1554008647799492, "loss_rpn_loc": 0.019065757282078266, "lr": 5.18482e-05, "roi_head/num_bg_samples": 6.0, "roi_head/num_fg_samples": 2.0, "rpn/num_neg_anchors": 242.0, "rpn/num_pos_anchors": 14.0, "time": 0.11664233949997538, "total_loss": 1.5778574831783772}
{"data_time": 0.0014823545000126614, "eta_seconds": 25.19671231000075, "fast_rcnn/cls_accuracy": 0.75, "fast_rcnn/false_negative": 1.0, "fast_rcnn/fg_cls_accuracy": 0.0, "iteration": 279, "loss_box_reg": 0.7441173791885376, "loss_cls": 0.40406957268714905, "loss_rpn_cls": 0.18376652151346207, "loss_rpn_loc": 0.024087902158498764, "lr": 5.584420000000001e-05, "roi_head/num_bg_samples": 6.0, "roi_head/num_fg_samples": 2.0, "rpn/num_neg_anchors": 239.0, "rpn/num_pos_anchors": 17.0, "time": 0.12052774549999867, "total_loss": 1.3402010947465897}
{"data_time": 0.0012083295000024918, "eta_seconds": 23.05678650000118, "fast_rcnn/cls_accuracy": 0.75, "fast_rcnn/false_negative": 1.0, "fast_rcnn/fg_cls_accuracy": 0.0, "iteration": 299, "loss_box_reg": 0.8749063014984131, "loss_cls": 0.4687659740447998, "loss_rpn_cls": 0.19359756261110306, "loss_rpn_loc": 0.005241419421508908, "lr": 5.9840200000000003e-05, "roi_head/num_bg_samples": 6.0, "roi_head/num_fg_samples": 2.0, "rpn/num_neg_anchors": 253.0,