{"data_time": 0.0023050804998092644, "eta_seconds": 28.812590099998943, "fast_rcnn/cls_accuracy": 0.6484375, "fast_rcnn/false_negative": 0.606060606060606, "fast_rcnn/fg_cls_accuracy": 0.3939393939393939, "iteration": 19, "loss_box_reg": 0.32337597012519836, "loss_cls": 0.6688131988048553, "loss_rpn_cls": 0.026690849103033543, "loss_rpn_loc": 0.00715626822784543, "lr": 9.5155e-05, "roi_head/num_bg_samples": 116.5, "roi_head/num_fg_samples": 11.5, "rpn/num_neg_anchors": 251.75, "rpn/num_pos_anchors": 4.25, "time": 0.9604196699999648, "total_loss": 1.0815797932446003}
{"data_time": 0.002340318999813462, "eta_seconds": 9.377504249998765, "fast_rcnn/cls_accuracy": 0.921875, "fast_rcnn/false_negative": 1.0, "fast_rcnn/fg_cls_accuracy": 0.0, "iteration": 39, "loss_box_reg": 0.27560410648584366, "loss_cls": 0.2872752696275711, "loss_rpn_cls": 0.035459679551422596, "loss_rpn_loc": 0.007230388466268778, "lr": 0.00019505500000000002, "roi_head/num_bg_samples": 118.0, "roi_head/num_fg_samples": 10.0, "rpn/num_neg_anchors": 251.75, "rpn/num_pos_anchors": 4.25, "time": 0.9030046055002003, "total_loss": 0.6789740069070831}
{"data_time": 0.0024128449997533608, "eta_seconds": 0.0, "fast_rcnn/cls_accuracy": 0.92578125, "fast_rcnn/false_negative": 1.0, "fast_rcnn/fg_cls_accuracy": 0.0, "iteration": 49, "loss_box_reg": 0.2376522496342659, "loss_cls": 0.20857442915439606, "loss_rpn_cls": 0.04253305122256279, "loss_rpn_loc": 0.005947686266154051, "lr": 0.000245005, "roi_head/num_bg_samples": 118.5, "roi_head/num_fg_samples": 9.5, "rpn/num_neg_anchors": 252.0, "rpn/num_pos_anchors": 4.0, "time": 0.8961608835002153, "total_loss": 0.4981601578183472}
