{"data_time": 0.0011734524999837959, "eta_seconds": 49.695882480000364, "fast_rcnn/cls_accuracy": 0.625, "fast_rcnn/false_negative": 0.75, "fast_rcnn/fg_cls_accuracy": 0.25, "iteration": 19, "loss_box_reg": 0.9757649600505829, "loss_cls": 0.6621587872505188, "loss_rpn_cls": 0.15461377799510956, "loss_rpn_loc": 0.014688587747514248, "lr": 3.8962e-06, "roi_head/num_bg_samples": 6.0, "roi_head/num_fg_samples": 2.0, "rpn/num_neg_anchors": 244.0, "rpn/num_pos_anchors": 12.0, "time": 0.10353308850000076, "total_loss": 1.897293754387647}
{"data_time": 0.00132613499999934, "eta_seconds": 52.61928201002547, "fast_rcnn/cls_accuracy": 0.625, "fast_rcnn/false_negative": 1.0, "fast_rcnn/fg_cls_accuracy": 0.0, "iteration": 39, "loss_box_reg": 0.8698559105396271, "loss_cls": 0.638769119977951, "loss_rpn_cls": 0.2878546118736267, "loss_rpn_loc": 0.02785375900566578, "lr": 7.8922e-06, "roi_head/num_bg_samples": 6.0, "roi_head/num_fg_samples": 2.0, "rpn/num_neg_anchors": 243.0, "rpn/num_pos_anchors": 13.0, "time": 0.13061428200001046, "total_loss": 1.7714397984091192}
{"data_time": 0.0012072839999746066, "eta_seconds": 51.95098897999742, "fast_rcnn/cls_accuracy": 0.75, "fast_rcnn/false_negative": 1.0, "fast_rcnn/fg_cls_accuracy": 0.0, "iteration": 59, "loss_box_reg": 0.9455715715885162, "loss_cls": 0.5915117859840393, "loss_rpn_cls": 0.26859958469867706, "loss_rpn_loc": 0.02474576886743307, "lr": 1.1888199999999999e-05, "roi_head/num_bg_samples": 6.0, "roi_head/num_fg_samples": 2.0, "rpn/num_neg_anchors": 244.5, "rpn/num_pos_anchors": 11.5, "time": 0.11807042949999413, "total_loss": 1.81834089406766}
{"data_time": 0.0008342690000517905, "eta_seconds": 48.41374146002181, "fast_rcnn/cls_accuracy": 0.75, "fast_rcnn/false_negative": 1.0, "fast_rcnn/fg_cls_accuracy": 0.0, "iteration": 79, "loss_box_reg": 1.1009790897369385, "loss_cls": 0.6039565801620483, "loss_rpn_cls": 0.205649696290493, "loss_rpn_loc": 0.026291594840586185, "lr": 1.5884200000000003e-05, "roi_head/num_bg_samples": 6.0, "roi_head/num_fg_samples": 2.0, "rpn/num_neg_anchors": 241.0, "rpn/num_pos_anchors": 15.0, "time": 0.11476912799992078, "total_loss": 2.0241217957809567}
{"data_time": 0.0013247895001313736, "eta_seconds": 46.342208399983065, "fast_rcnn/cls_accuracy": 0.75, "fast_rcnn/false_negative": 1.0, "fast_rcnn/fg_cls_accuracy": 0.0, "iteration": 99, "loss_box_reg": 0.9331991970539093, "loss_cls": 0.5318091809749603, "loss_rpn_cls": 0.1881813332438469, "loss_rpn_loc": 0.007863936945796013, "lr": 1.9880200000000003e-05, "roi_head/num_bg_samples": 6.0, "roi_head/num_fg_samples": 2.0, "rpn/num_neg_anchors": 250.0, "rpn/num_pos_anchors": 6.0, "time": 0.11930408500006706, "total_loss": 1.7148218349320814}
{"data_time": 0.0012061884999639005, "eta_seconds": 43.802908940019734, "fast_rcnn/cls_accuracy": 0.75, "fast_rcnn/false_negative": 1.0, "fast_rcnn/fg_cls_accuracy": 0.0, "iteration": 119, "loss_box_reg": 0.9479537010192871, "loss_cls": 0.5425970554351807, "loss_rpn_cls": 0.21124621480703354, "loss_rpn_loc": 0.006517486181110144, "lr": 2.38762e-05, "roi_head/num_bg_samples": 6.0, "roi_head/num_fg_samples": 2.0, "rpn/num_neg_anchors": 252.5, "rpn/num_pos_anchors": 3.5, "time": 0.11187065899991921, "total_loss": 1.747759473277256}
{"data_time": 0.0013059540000313064, "eta_seconds": 41.497492680018695, "fast_rcnn/cls_accuracy": 0.75, "fast_rcnn/false_negative": 1.0, "fast_rcnn/fg_cls_accuracy": 0.0, "iteration": 139, "loss_box_reg": 0.9504125118255615, "loss_cls": 0.4802033603191376, "loss_rpn_cls": 0.2084868848323822, "loss_rpn_loc": 0.020890511572360992, "lr": 2.7872200000000004e-05, "roi_head/num_bg_samples": 6.0, "roi_head/num_fg_samples": 2.0, "rpn/num_neg_anchors": 239.5, "rpn/num_pos_anchors": 16.5, "time": 0.1139549064998846, "total_loss": 1.6366152851842344}
{"data_time": 0.0012004339999975855, "eta_seconds": 39.390877139985605, "fast_rcnn/cls_accuracy": 0.75, "fast_rcnn/false_negative": 1.0, "fast_rcnn/fg_cls_accuracy": 0.0, "iteration": 159, "loss_box_reg": 0.9161930978298187, "loss_cls": 0.48347654938697815, "loss_rpn_cls": 0.15280914306640625, "loss_rpn_loc": 0.010236574336886406, "lr": 3.18682e-05, "roi_head/num_bg_samples": 6.0, "roi_head/num_fg_samples": 2.0, "rpn/num_neg_anchors": 247.5, "rpn/num_pos_anchors": 8.5, "time": 0.1282155019999891, "total_loss": 1.5588544867932796}
{"data_time": 0.000507536999975855, "eta_seconds": 37.341066879998834, "fast_rcnn/cls_accuracy": 0.75, "fast_rcnn/false_negative": 1.0, "fast_rcnn/fg_cls_accuracy": 0.0, "iteration": 179, "loss_box_reg": 0.924425482749939, "loss_cls": 0.5042061507701874, "loss_rpn_cls": 0.17617905884981155, "loss_rpn_loc": 0.008710288908332586, "lr": 3.5864199999999995e-05, "roi_head/num_bg_samples": 6.0, "roi_head/num_fg_samples": 2.0, "rpn/num_neg_anchors": 249.0, "rpn/num_pos_anchors": 7.0, "time": 0.12356921350010452, "total_loss": 1.534555772319436}
{"data_time": 0.0008357845000546149, "eta_seconds": 35.878386150011465, "fast_rcnn/cls_accuracy": 0.75, "fast_rcnn/false_negative": 1.0, "fast_rcnn/fg_cls_accuracy": 0.0, "iteration": 199, "loss_box_reg": 1.0071917176246643, "loss_cls": 0.4615640640258789, "loss_rpn_cls": 0.2115088477730751, "loss_rpn_loc": 0.010875747539103031, "lr": 3.98602e-05, "roi_head/num_bg_samples": 6.0, "roi_head/num_fg_samples": 2.0, "rpn/num_neg_anchors": 248.5, "rpn/num_pos_anchors": 7.5, "time": 0.13251517449998573, "total_loss": 1.675116159953177}
{"data_time": 0.0016540424999220704, "eta_seconds": 33.74262066000938, "fast_rcnn/cls_accuracy": 0.75, "fast_rcnn/false_negative": 1.0, "fast_rcnn/fg_cls_accuracy": 0.0, "iteration": 219, "loss_box_reg": 0.6861308813095093, "loss_cls": 0.4665941447019577, "loss_rpn_cls": 0.15544529259204865, "loss_rpn_loc": 0.008526434656232595, "lr": 4.38562e-05, "roi_head/num_bg_samples": 6.0, "roi_head/num_fg_samples": 2.0, "rpn/num_neg_anchors": 249.0, "rpn/num_pos_anchors": 7.0, "time": 0.1384775085000456, "total_loss": 1.2840190960559994}
{"data_time": 0.0013374410000324133, "eta_seconds": 31.408491659981337, "fast_rcnn/cls_accuracy": 0.75, "fast_rcnn/false_negative": 1.0, "fast_rcnn/fg_cls_accuracy": 0.0, "iteration": 239, "loss_box_reg": 0.8764119744300842, "loss_cls": 0.4099940210580826, "loss_rpn_cls": 0.15209924429655075, "loss_rpn_loc": 0.010915822349488735, "lr": 4.78522e-05, "roi_head/num_bg_samples": 6.0, "roi_head/num_fg_samples": 2.0, "rpn/num_neg_anchors": 249.0, "rpn/num_pos_anchors": 7.0, "time": 0.13079400350011383, "total_loss": 1.5126490537077188}
{"data_time": 0.0013931089999914548, "eta_seconds": 29.12784264001857, "fast_rcnn/cls_accuracy": 0.75, "fast_rcnn/false_negative": 1.0, "fast_rcnn/fg_cls_accuracy": 0.0, "iteration": 259, "loss_box_reg": 0.8890018165111542, "loss_cls": 0.4727402478456497, "loss_rpn_cls": 0.1810360997915268, "loss_rpn_loc": 0.01869286596775055, "lr": 5.18482e-05, "roi_head/num_bg_samples": 6.0, "roi_head/num_fg_samples": 2.0, "rpn/num_neg_anchors": 247.0, "rpn/num_pos_anchors": 9.0, "time": 0.12619094899991978, "total_loss": 1.5686174375005066}
{"data_time": 0.002350642000010339, "eta_seconds": 26.82309640999847, "fast_rcnn/cls_accuracy": 0.75, "fast_rcnn/false_negative": 1.0, "fast_rcnn/fg_cls_accuracy": 0.0, "iteration": 279, "loss_box_reg": 0.7993713319301605, "loss_cls": 0.40247397124767303, "loss_rpn_cls": 0.1598687320947647, "loss_rpn_loc": 0.006670081056654453, "lr": 5.584420000000001e-05, "roi_head/num_bg_samples": 6.0, "roi_head/num_fg_samples": 2.0, "rpn/num_neg_anchors": 250.0, "rpn/num_pos_anchors": 6.0, "time": 0.1292425199999343, "total_loss": 1.3817222032230347}
{"data_time": 0.0012428439998757312, "eta_seconds": 24.48995009999635, "fast_rcnn/cls_accuracy": 0.75, "fast_rcnn/false_negative": 1.0, "fast_rcnn/fg_cls_accuracy": 0.0, "iteration": 299, "loss_box_reg": 0.7288024127483368, "loss_cls": 0.40970364212989807, "loss_rpn_cls": 0.18445934355258942, "loss_rpn_loc": 0.009606260806322098, "lr": 5.9840200000000003e-05, "roi_head/num_bg_samples": 6.0, "roi_head/num_fg_samples": 2.0, "rpn/num_neg_anchors": 248.0,