{"data_time": 0.0034882930003732326, "eta_seconds": 79.88045049496122, "fast_rcnn/cls_accuracy": 0.248046875, "fast_rcnn/false_negative": 0.061553030303030304, "fast_rcnn/fg_cls_accuracy": 0.9384469696969697, "iteration": 19, "loss_box_reg": 0.4105948209762573, "loss_cls": 0.7978526055812836, "loss_rpn_cls": 0.22582466155290604, "loss_rpn_loc": 0.023948458954691887, "lr": 1.9231e-05, "roi_head/num_bg_samples": 114.75, "roi_head/num_fg_samples": 13.25, "rpn/num_neg_anchors": 244.5, "rpn/num_pos_anchors": 11.5, "time": 0.3473063064998314, "total_loss": 1.4127618954516947}
{"data_time": 0.0025317605000054755, "eta_seconds": 73.3113680250517, "fast_rcnn/cls_accuracy": 0.8359375, "fast_rcnn/false_negative": 0.8983268983268984, "fast_rcnn/fg_cls_accuracy": 0.10167310167310167, "iteration": 39, "loss_box_reg": 0.36077336966991425, "loss_cls": 0.5496513843536377, "loss_rpn_cls": 0.22259953618049622, "loss_rpn_loc": 0.03761518560349941, "lr": 3.9211e-05, "roi_head/num_bg_samples": 116.0, "roi_head/num_fg_samples": 12.0, "rpn/num_neg_anchors": 229.5, "rpn/num_pos_anchors": 26.5, "time": 0.3509223455002939, "total_loss": 1.2525829505175352}
