{"data_time": 0.001091837500013071, "eta_seconds": 52.29650544001288, "fast_rcnn/cls_accuracy": 0.5, "fast_rcnn/false_negative": 0.25, "fast_rcnn/fg_cls_accuracy": 0.75, "iteration": 19, "loss_box_reg": 0.947477400302887, "loss_cls": 0.67796191573143, "loss_rpn_cls": 0.30369505286216736, "loss_rpn_loc": 0.0101498793810606, "lr": 3.8962e-06, "roi_head/num_bg_samples": 6.0, "roi_head/num_fg_samples": 2.0, "rpn/num_neg_anchors": 247.5, "rpn/num_pos_anchors": 8.5, "time": 0.10895105300002683, "total_loss": 1.8740676809102297}
{"data_time": 0.0009503344999757246, "eta_seconds": 54.019270390001, "fast_rcnn/cls_accuracy": 0.5, "fast_rcnn/false_negative": 0.5, "fast_rcnn/fg_cls_accuracy": 0.5, "iteration": 39, "loss_box_reg": 0.816184937953949, "loss_cls": 0.6766226589679718, "loss_rpn_cls": 0.2444281205534935, "loss_rpn_loc": 0.01634626742452383, "lr": 7.8922e-06, "roi_head/num_bg_samples": 6.0, "roi_head/num_fg_samples": 2.0, "rpn/num_neg_anchors": 245.5, "rpn/num_pos_anchors": 10.5, "time": 0.11844992999999704, "total_loss": 1.6788950907066464}
{"data_time": 0.0003913404999877912, "eta_seconds": 50.81369700000096, "fast_rcnn/cls_accuracy": 0.625, "fast_rcnn/false_negative": 1.0, "fast_rcnn/fg_cls_accuracy": 0.0, "iteration": 59, "loss_box_reg": 0.8801973164081573, "loss_cls": 0.6307386457920074, "loss_rpn_cls": 0.19518696516752243, "loss_rpn_loc": 0.018509086221456528, "lr": 1.1888199999999999e-05, "roi_head/num_bg_samples": 6.0, "roi_head/num_fg_samples": 2.0, "rpn/num_neg_anchors": 242.5, "rpn/num_pos_anchors": 13.5, "time": 0.11360665250001034, "total_loss": 1.873772097635083}
{"data_time": 0.0013462645000004159, "eta_seconds": 47.71479405000434, "fast_rcnn/cls_accuracy": 0.75, "fast_rcnn/false_negative": 1.0, "fast_rcnn/fg_cls_accuracy": 0.0, "iteration": 79, "loss_box_reg": 0.8494089543819427, "loss_cls": 0.5933150947093964, "loss_rpn_cls": 0.282875657081604, "loss_rpn_loc": 0.0073056628461927176, "lr": 1.5884200000000003e-05, "roi_head/num_bg_samples": 6.0, "roi_head/num_fg_samples": 2.0, "rpn/num_neg_anchors": 250.0, "rpn/num_pos_anchors": 6.0, "time": 0.11001147149997337, "total_loss": 1.7485996009781957}
