{"data_time": 0.0026208500003122026, "eta_seconds": 414.9676742403244, "fast_rcnn/cls_accuracy": 0.177734375, "fast_rcnn/false_negative": 0.09545454545454546, "fast_rcnn/fg_cls_accuracy": 0.9045454545454545, "iteration": 19, "loss_box_reg": 0.3522993326187134, "loss_cls": 0.8014278709888458, "loss_rpn_cls": 0.018210981972515583, "loss_rpn_loc": 0.0055716028437018394, "lr": 9.7405e-06, "roi_head/num_bg_samples": 115.75, "roi_head/num_fg_samples": 12.25, "rpn/num_neg_anchors": 251.5, "rpn/num_pos_anchors": 4.5, "time": 0.8645159880006759, "total_loss": 1.2131880953675136}
{"data_time": 0.002700746000300569, "eta_seconds": 442.3367599197445, "fast_rcnn/cls_accuracy": 0.66015625, "fast_rcnn/false_negative": 0.4878472222222222, "fast_rcnn/fg_cls_accuracy": 0.5121527777777778, "iteration": 39, "loss_box_reg": 0.2928631156682968, "loss_cls": 0.6592471301555634, "loss_rpn_cls": 0.04662539064884186, "loss_rpn_loc": 0.005479648942127824, "lr": 1.97305e-05, "roi_head/num_bg_samples": 117.75, "roi_head/num_fg_samples": 10.25, "rpn/num_neg_anchors": 252.0, "rpn/num_pos_anchors": 4.0, "time": 1.002125246000105, "total_loss": 1.03752052760683}
{"data_time": 0.002915678500357899, "eta_seconds": 423.1047268797556, "fast_rcnn/cls_accuracy": 0.900390625, "fast_rcnn/false_negative": 1.0, "fast_rcnn/fg_cls_accuracy": 0.0, "iteration": 59, "loss_box_reg": 0.34688952565193176, "loss_cls": 0.4673869013786316, "loss_rpn_cls": 0.01653128769248724, "loss_rpn_loc": 0.009292074479162693, "lr": 2.9720499999999998e-05, "roi_head/num_bg_samples": 116.5, "roi_head/num_fg_samples": 11.5, "rpn/num_neg_anchors": 250.25, "rpn/num_pos_anchors": 5.75, "time": 0.9508253570002125, "total_loss": 0.8477557227015495}
{"data_time": 0.002589498500128684, "eta_seconds": 409.32082274988716, "fast_rcnn/cls_accuracy": 0.91796875, "fast_rcnn/false_negative": 1.0, "fast_rcnn/fg_cls_accuracy": 0.0, "iteration": 79, "loss_box_reg": 0.30450472235679626, "loss_cls": 0.3436949700117111, "loss_rpn_cls": 0.03657875023782253, "loss_rpn_loc": 0.0065450724214315414, "lr": 3.9710500000000005e-05, "roi_head/num_bg_samples": 117.5, "roi_head/num_fg_samples": 10.5, "rpn/num_neg_anchors": 251.25, "rpn/num_pos_anchors": 4.75, "time": 0.9794528145002914, "total_loss": 0.7241434160387143}
{"data_time": 0.0028472459998738486, "eta_seconds": 396.7470134000905, "fast_rcnn/cls_accuracy": 0.908203125, "fast_rcnn/false_negative": 1.0, "fast_rcnn/fg_cls_accuracy": 0.0, "iteration": 99, "loss_box_reg": 0.35290035605430603, "loss_cls": 0.2946748584508896, "loss_rpn_cls": 0.02225905144587159, "loss_rpn_loc": 0.005359880859032273, "lr": 4.97005e-05, "roi_head/num_bg_samples": 116.25, "roi_head/num_fg_samples": 11.75, "rpn/num_neg_anchors": 253.0, "rpn/num_pos_anchors": 3.0, "time": 1.1623377429996253, "total_loss": 0.6676745389122516}
{"data_time": 0.0025420814990866347, "eta_seconds": 379.2934099498234, "fast_rcnn/cls_accuracy": 0.908203125, "fast_rcnn/false_negative": 1.0, "fast_rcnn/fg_cls_accuracy": 0.0, "iteration": 119, "loss_box_reg": 0.35386575758457184, "loss_cls": 0.27486203610897064, "loss_rpn_cls": 0.013286472298204899, "loss_rpn_loc": 0.006258231354877353, "lr": 5.96905e-05, "roi_head/num_bg_samples": 116.25, "roi_head/num_fg_samples": 11.75, "rpn/num_neg_anchors": 252.0, "rpn/num_pos_anchors": 4.0, "time": 1.0712581005000175, "total_loss": 0.6735123773105443}
{"data_time": 0.002627927500725491, "eta_seconds": 359.3305988998327, "fast_rcnn/cls_accuracy": 0.912109375, "fast_rcnn/false_negative": 1.0, "fast_rcnn/fg_cls_accuracy": 0.0, "iteration": 139, "loss_box_reg": 0.317229226231575, "loss_cls": 0.2478296384215355, "loss_rpn_cls": 0.02962871827185154, "loss_rpn_loc": 0.005452191457152367, "lr": 6.96805e-05, "roi_head/num_bg_samples": 116.75, "roi_head/num_fg_samples": 11.25, "rpn/num_neg_anchors": 252.25, "rpn/num_pos_anchors": 3.75, "time": 1.015815403000488, "total_loss": 0.627249100478366}
{"data_time": 0.0025833180006884504, "eta_seconds": 339.367787849842, "fast_rcnn/cls_accuracy": 0.892578125, "fast_rcnn/false_negative": 1.0, "fast_rcnn/fg_cls_accuracy": 0.0, "iteration": 159, "loss_box_reg": 0.3830440193414688, "loss_cls": 0.2726282328367233, "loss_rpn_cls": 0.011340477969497442, "loss_rpn_loc": 0.004757197108119726, "lr": 7.967050000000001e-05, "roi_head/num_bg_samples": 114.25, "roi_head/num_fg_samples": 13.75, "rpn/num_neg_anchors": 252.0, "rpn/num_pos_anchors": 4.0, "time": 0.9763805840002533, "total_loss": 0.7168807398993522}
{"data_time": 0.002706944000237854, "eta_seconds": 321.98447760019917, "fast_rcnn/cls_accuracy": 0.900390625, "fast_rcnn/false_negative": 1.0, "fast_rcnn/fg_cls_accuracy": 0.0, "iteration": 179, "loss_box_reg": 0.35051536560058594, "loss_cls": 0.24525251984596252, "loss_rpn_cls": 0.015950128436088562, "loss_rpn_loc": 0.008825895842164755, "lr": 8.966049999999999e-05, "roi_head/num_bg_samples": 115.25, "roi_head/num_fg_samples": 12.75, "rpn/num_neg_anchors": 251.5, "rpn/num_pos_anchors": 4.5, "time": 1.151469429500139, "total_loss": 0.6398588831070811}
