{"data_time": 0.0027995350001219776, "eta_seconds": 258.73070069993446, "fast_rcnn/cls_accuracy": 0.546875, "fast_rcnn/false_negative": 0.6269230769230769, "fast_rcnn/fg_cls_accuracy": 0.3730769230769231, "iteration": 19, "loss_box_reg": 0.3903590440750122, "loss_cls": 0.6826040744781494, "loss_rpn_cls": 0.01940279919654131, "loss_rpn_loc": 0.011266002431511879, "lr": 1.9231e-05, "roi_head/num_bg_samples": 115.5, "roi_head/num_fg_samples": 12.5, "rpn/num_neg_anchors": 250.75, "rpn/num_pos_anchors": 5.25, "time": 1.124916089999715, "total_loss": 1.1112188880797476}
{"data_time": 0.0030080325004746555, "eta_seconds": 230.3841738450319, "fast_rcnn/cls_accuracy": 0.892578125, "fast_rcnn/false_negative": 1.0, "fast_rcnn/fg_cls_accuracy": 0.0, "iteration": 39, "loss_box_reg": 0.29155486822128296, "loss_cls": 0.5030322074890137, "loss_rpn_cls": 0.010451948968693614, "loss_rpn_loc": 0.005710314027965069, "lr": 3.9211e-05, "roi_head/num_bg_samples": 117.5, "roi_head/num_fg_samples": 10.5, "rpn/num_neg_anchors": 252.0, "rpn/num_pos_anchors": 4.0, "time": 1.097067494500152, "total_loss": 0.852894490948529}
{"data_time": 0.0028713850006170105, "eta_seconds": 211.4619534999565, "fast_rcnn/cls_accuracy": 0.908203125, "fast_rcnn/false_negative": 1.0, "fast_rcnn/fg_cls_accuracy": 0.0, "iteration": 59, "loss_box_reg": 0.3369602710008621, "loss_cls": 0.3168148398399353, "loss_rpn_cls": 0.018520096316933632, "loss_rpn_loc": 0.0076833851635456085, "lr": 5.9190999999999996e-05, "roi_head/num_bg_samples": 116.25, "roi_head/num_fg_samples": 11.75, "rpn/num_neg_anchors": 251.25, "rpn/num_pos_anchors": 4.75, "time": 1.1329762459999984, "total_loss": 0.7129695829935372}
{"data_time": 0.002756203499302501, "eta_seconds": 183.60127772023588, "fast_rcnn/cls_accuracy": 0.9140625, "fast_rcnn/false_negative": 1.0, "fast_rcnn/fg_cls_accuracy": 0.0, "iteration": 79, "loss_box_reg": 0.32812759280204773, "loss_cls": 0.270268052816391, "loss_rpn_cls": 0.02483674604445696, "loss_rpn_loc": 0.0070808264426887035, "lr": 7.9171e-05, "roi_head/num_bg_samples": 117.0, "roi_head/num_fg_samples": 11.0, "rpn/num_neg_anchors": 251.5, "rpn/num_pos_anchors": 4.5, "time": 1.0646964320003462, "total_loss": 0.6352335028350353}
{"data_time": 0.002679931999409746, "eta_seconds": 164.76787140009037, "fast_rcnn/cls_accuracy": 0.919921875, "fast_rcnn/false_negative": 1.0, "fast_rcnn/fg_cls_accuracy": 0.0, "iteration": 99, "loss_box_reg": 0.3025223910808563, "loss_cls": 0.2422265037894249, "loss_rpn_cls": 0.05247495882213116, "loss_rpn_loc": 0.006874249782413244, "lr": 9.9151e-05, "roi_head/num_bg_samples": 117.75, "roi_head/num_fg_samples": 10.25, "rpn/num_neg_anchors": 250.5, "rpn/num_pos_anchors": 5.5, "time": 1.1916178930005117, "total_loss": 0.6404909093398601}
{"data_time": 0.002555654999014223, "eta_seconds": 141.33657193506224, "fast_rcnn/cls_accuracy": 0.927734375, "fast_rcnn/false_negative": 1.0, "fast_rcnn/fg_cls_accuracy": 0.0, "iteration": 119, "loss_box_reg": 0.2392347753047943, "loss_cls": 0.2330249696969986, "loss_rpn_cls": 0.06345215626060963, "loss_rpn_loc": 0.008039173437282443, "lr": 0.00011913100000000001, "roi_head/num_bg_samples": 118.75, "roi_head/num_fg_samples": 9.25, "rpn/num_neg_anchors": 251.75, "rpn/num_pos_anchors": 4.25, "time": 1.0272920164989046, "total_loss": 0.5634523897897452}
{"data_time": 0.0024116484992191545, "eta_seconds": 117.11660752003809, "fast_rcnn/cls_accuracy": 0.90234375, "fast_rcnn/false_negative": 1.0, "fast_rcnn/fg_cls_accuracy": 0.0, "iteration": 139, "loss_box_reg": 0.340299591422081, "loss_cls": 0.24843740463256836, "loss_rpn_cls": 0.02833459060639143, "loss_rpn_loc": 0.006321820197626948, "lr": 0.000139111, "roi_head/num_bg_samples": 115.5, "roi_head/num_fg_samples": 12.5, "rpn/num_neg_anchors": 252.25, "rpn/num_pos_anchors": 3.75, "time": 0.8687071610002022, "total_loss": 0.6169952653581277}
{"data_time": 0.002375707499595592, "eta_seconds": 95.00935216495236, "fast_rcnn/cls_accuracy": 0.91796875, "fast_rcnn/false_negative": 1.0, "fast_rcnn/fg_cls_accuracy": 0.0, "iteration": 159, "loss_box_reg": 0.31098029017448425, "loss_cls": 0.22076648473739624, "loss_rpn_cls": 0.013716427143663168, "loss_rpn_loc": 0.008221955271437764, "lr": 0.000159091, "roi_head/num_bg_samples": 117.5, "roi_head/num_fg_samples": 10.5, "rpn/num_neg_anchors": 252.0, "rpn/num_pos_anchors": 4.0, "time": 0.9392449800006943, "total_loss": 0.5870725541608408}
{"data_time": 0.0023653779990127077, "eta_seconds": 73.5323199100003, "fast_rcnn/cls_accuracy": 0.927734375, "fast_rcnn/false_negative": 1.0, "fast_rcnn/fg_cls_accuracy": 0.0, "iteration": 179, "loss_box_reg": 0.2452133521437645, "loss_cls": 0.20381204783916473, "loss_rpn_cls": 0.02844910230487585, "loss_rpn_loc": 0.008064005756750703, "lr": 0.000179071, "roi_head/num_bg_samples": 118.75, "roi_head/num_fg_samples": 9.25, "rpn/num_neg_anchors": 250.5, "rpn/num_pos_anchors": 5.5, "time": 0.9628622739992352, "total_loss": 0.5094876675866544}
{"data_time": 0.002524459499909426, "eta_seconds": 52.52308565000021, "fast_rcnn/cls_accuracy": 0.9140625, "fast_rcnn/false_negative": 1.0, "fast_rcnn/fg_cls_accuracy": 0.0, "iteration": 199, "loss_box_reg": 0.293599933385849, "loss_cls": 0.22363998740911484, "loss_rpn_cls": 0.014337019063532352, "loss_rpn_loc": 0.005870264722034335, "lr": 0.000199051, "roi_head/num_bg_samples": 117.0, "roi_head/num_fg_samples": 11.0, "rpn/num_neg_anchors": 252.5, "rpn/num_pos_anchors": 3.5, "time": 1.0455920810009047, "total_loss": 0.585373071837239}
{"data_time": 0.002558580000368238, "eta_seconds": 31.417887299985523, "fast_rcnn/cls_accuracy": 0.916015625, "fast_rcnn/false_negative": 1.0, "fast_rcnn/fg_cls_accuracy": 0.0, "iteration": 219, "loss_box_reg": 0.31835581362247467, "loss_cls": 0.21429228782653809, "loss_rpn_cls": 0.02380238939076662, "loss_rpn_loc": 0.00855962373316288, "lr": 0.000219031, "roi_head/num_bg_samples": 116.5, "roi_head/num_fg_samples": 11.5, "rpn/num_neg_anchors": 252.0, "rpn/num_pos_anchors": 4.0, "time": 0.9685035305001293, "total_loss": 0.5701114691910334}
{"data_time": 0.0025524395005049882, "eta_seconds": 10.296248189988546, "fast_rcnn/cls_accuracy": 0.90625, "fast_rcnn/false_negative": 1.0, "fast_rcnn/fg_cls_accuracy": 0.0, "iteration": 239, "loss_box_reg": 0.33646102249622345, "loss_cls": 0.2282198816537857, "loss_rpn_cls": 0.013555200304836035, "loss_rpn_loc": 0.005598503164947033, "lr": 0.00023901100000000002, "roi_head/num_bg_samples": 115.0, "roi_head/num_fg_samples": 13.0, "rpn/num_neg_anchors": 251.5, "rpn/num_pos_anchors": 4.5, "time": 0.8694387675013786, "total_loss": 0.609958918299526}
{"data_time": 0.002515089499866008, "eta_seconds": 0.0, "fast_rcnn/cls_accuracy": 0.916015625, "fast_rcnn/false_negative": 1.0, "fast_rcnn/fg_cls_accuracy": 0.0, "iteration": 249, "loss_box_reg": 0.3206050843000412, "loss_cls": 0.21754170954227448, "loss_rpn_cls": 0.02394548710435629, "loss_rpn_loc": 0.0042579874861985445, "lr": 0.000249001, "roi_head/num_bg_samples": 115.0, "roi_head/num_fg_samples": 13.0, "rpn/num_neg_anchors": 252.25, "rpn/num_pos_anchors": 3.75, "time": 1.0293964934999167, "total_loss": 0.5545269476133399}
