{"data_time": 0.0025901164999595494, "eta_seconds": 232.1774005701718, "fast_rcnn/cls_accuracy": 0.65234375, "fast_rcnn/false_negative": 0.5214285714285714, "fast_rcnn/fg_cls_accuracy": 0.47857142857142854, "iteration": 19, "loss_box_reg": 0.3679515868425369, "loss_cls": 0.6515864431858063, "loss_rpn_cls": 0.019395350478589535, "loss_rpn_loc": 0.008278119144961238, "lr": 1.9231e-05, "roi_head/num_bg_samples": 115.75, "roi_head/num_fg_samples": 12.25, "rpn/num_neg_anchors": 250.5, "rpn/num_pos_anchors": 5.5, "time": 1.009466959000747, "total_loss": 1.0395865477621555}
{"data_time": 0.0023563989998365287, "eta_seconds": 214.766287365037, "fast_rcnn/cls_accuracy": 0.89453125, "fast_rcnn/false_negative": 1.0, "fast_rcnn/fg_cls_accuracy": 0.0, "iteration": 39, "loss_box_reg": 0.34731900691986084, "loss_cls": 0.4879234880208969, "loss_rpn_cls": 0.015302910003811121, "loss_rpn_loc": 0.0056199932005256414, "lr": 3.9211e-05, "roi_head/num_bg_samples": 116.5, "roi_head/num_fg_samples": 11.5, "rpn/num_neg_anchors": 252.5, "rpn/num_pos_anchors": 3.5, "time": 1.0648500799998146, "total_loss": 0.8804604686083621}
{"data_time": 0.0024789105000309064, "eta_seconds": 201.10129197504648, "fast_rcnn/cls_accuracy": 0.916015625, "fast_rcnn/false_negative": 1.0, "fast_rcnn/fg_cls_accuracy": 0.0, "iteration": 59, "loss_box_reg": 0.30058179795742035, "loss_cls": 0.328376829624176, "loss_rpn_cls": 0.008709286339581013, "loss_rpn_loc": 0.008577053900808096, "lr": 5.9190999999999996e-05, "roi_head/num_bg_samples": 117.25, "roi_head/num_fg_samples": 10.75, "rpn/num_neg_anchors": 251.0, "rpn/num_pos_anchors": 5.0, "time": 1.1100435645003017, "total_loss": 0.6624700124375522}
{"data_time": 0.002392204501120432, "eta_seconds": 185.32628973495775, "fast_rcnn/cls_accuracy": 0.900390625, "fast_rcnn/false_negative": 1.0, "fast_rcnn/fg_cls_accuracy": 0.0, "iteration": 79, "loss_box_reg": 0.40605297684669495, "loss_cls": 0.30146512389183044, "loss_rpn_cls": 0.013731800951063633, "loss_rpn_loc": 0.00633513368666172, "lr": 7.9171e-05, "roi_head/num_bg_samples": 115.25, "roi_head/num_fg_samples": 12.75, "rpn/num_neg_anchors": 252.0, "rpn/num_pos_anchors": 4.0, "time": 1.1482102909994865, "total_loss": 0.7455923687666655}
{"data_time": 0.002692097500585078, "eta_seconds": 163.52319682496272, "fast_rcnn/cls_accuracy": 0.89453125, "fast_rcnn/false_negative": 1.0, "fast_rcnn/fg_cls_accuracy": 0.0, "iteration": 99, "loss_box_reg": 0.4088977575302124, "loss_cls": 0.27357909083366394, "loss_rpn_cls": 0.019417744129896164, "loss_rpn_loc": 0.00930164149031043, "lr": 9.9151e-05, "roi_head/num_bg_samples": 114.5, "roi_head/num_fg_samples": 13.5, "rpn/num_neg_anchors": 251.5, "rpn/num_pos_anchors": 4.5, "time": 1.0993081574997632, "total_loss": 0.7367801736108959}
{"data_time": 0.002395894999608572, "eta_seconds": 141.7201039149677, "fast_rcnn/cls_accuracy": 0.904296875, "fast_rcnn/false_negative": 1.0, "fast_rcnn/fg_cls_accuracy": 0.0, "iteration": 119, "loss_box_reg": 0.33540838956832886, "loss_cls": 0.2604624330997467, "loss_rpn_cls": 0.027119770646095276, "loss_rpn_loc": 0.006120450794696808, "lr": 0.00011913100000000001, "roi_head/num_bg_samples": 115.75, "roi_head/num_fg_samples": 12.25, "rpn/num_neg_anchors": 252.0, "rpn/num_pos_anchors": 4.0, "time": 1.076243020500442, "total_loss": 0.6982100792083656}
{"data_time": 0.0022791585006416426, "eta_seconds": 119.48278633498376, "fast_rcnn/cls_accuracy": 0.904296875, "fast_rcnn/false_negative": 1.0, "fast_rcnn/fg_cls_accuracy": 0.0, "iteration": 139, "loss_box_reg": 0.35804860293865204, "loss_cls": 0.24599572271108627, "loss_rpn_cls": 0.033122588880360126, "loss_rpn_loc": 0.0060861248057335615, "lr": 0.000139111, "roi_head/num_bg_samples": 115.75, "roi_head/num_fg_samples": 12.25, "rpn/num_neg_anchors": 251.0, "rpn/num_pos_anchors": 5.0, "time": 1.0424067644999013, "total_loss": 0.6614525599870831}
