{"data_time": 0.0009014479996949376, "eta_seconds": 54.666049200095586, "fast_rcnn/cls_accuracy": 0.75, "fast_rcnn/false_negative": 1.0, "fast_rcnn/fg_cls_accuracy": 0.0, "iteration": 19, "loss_box_reg": 0.6381838023662567, "loss_cls": 0.586405336856842, "loss_rpn_cls": 0.20592138171195984, "loss_rpn_loc": 0.012076638173311949, "lr": 0.0038962, "roi_head/num_bg_samples": 6.0, "roi_head/num_fg_samples": 2.0, "rpn/num_neg_anchors": 247.5, "rpn/num_pos_anchors": 8.5, "time": 0.11388760250019914, "total_loss": 1.680021483451128}
{"data_time": 0.0004975609999746666, "eta_seconds": 53.279143039944756, "fast_rcnn/cls_accuracy": 0.75, "fast_rcnn/false_negative": 1.0, "fast_rcnn/fg_cls_accuracy": 0.0, "iteration": 39, "loss_box_reg": 0.9334903955459595, "loss_cls": 0.5362155735492706, "loss_rpn_cls": 0.20964611321687698, "loss_rpn_loc": 0.028890286572277546, "lr": 0.0078922, "roi_head/num_bg_samples": 6.0, "roi_head/num_fg_samples": 2.0, "rpn/num_neg_anchors": 244.0, "rpn/num_pos_anchors": 12.0, "time": 0.11761542299973371, "total_loss": 1.861046813428402}
{"data_time": 0.0014105205000305432, "eta_seconds": 51.33925250139873, "fast_rcnn/cls_accuracy": 0.75, "fast_rcnn/false_negative": 1.0, "fast_rcnn/fg_cls_accuracy": 0.0, "iteration": 56, "roi_head/num_bg_samples": 6.0, "roi_head/num_fg_samples": 2.0, "rpn/num_neg_anchors": 239.0, "rpn/num_pos_anchors": 17.0}
{"iteration": 55, "loss_box_reg": 0.9484313726425171, "loss_cls": 0.58628910779953, "loss_rpn_cls": 0.26651786267757416, "loss_rpn_loc": 0.040236021392047405, "lr": 0.011089000000000002, "time": 0.11793075700006739, "total_loss": 1.915914461016655}
