{"data_time": 0.0023744499999338586, "eta_seconds": 515.9179514400603, "fast_rcnn/cls_accuracy": 0.646484375, "fast_rcnn/false_negative": 0.6805555555555556, "fast_rcnn/fg_cls_accuracy": 0.3194444444444444, "iteration": 19, "loss_box_reg": 0.2836180478334427, "loss_cls": 0.6497983634471893, "loss_rpn_cls": 0.04251464828848839, "loss_rpn_loc": 0.006739930948242545, "lr": 9.7405e-06, "roi_head/num_bg_samples": 118.0, "roi_head/num_fg_samples": 10.0, "rpn/num_neg_anchors": 250.75, "rpn/num_pos_anchors": 5.25, "time": 1.0748290655001256, "total_loss": 0.9588857875205576}
{"data_time": 0.0023183994994724344, "eta_seconds": 474.1200286701496, "fast_rcnn/cls_accuracy": 0.875, "fast_rcnn/false_negative": 0.8786764705882353, "fast_rcnn/fg_cls_accuracy": 0.1213235294117647, "iteration": 39, "loss_box_reg": 0.2894570529460907, "loss_cls": 0.5442131459712982, "loss_rpn_cls": 0.03394444938749075, "loss_rpn_loc": 0.005736699094995856, "lr": 1.97305e-05, "roi_head/num_bg_samples": 117.25, "roi_head/num_fg_samples": 10.75, "rpn/num_neg_anchors": 252.0, "rpn/num_pos_anchors": 4.0, "time": 1.0196805935001976, "total_loss": 0.923730670590885}
{"data_time": 0.0023396399997182016, "eta_seconds": 453.5061143801431, "fast_rcnn/cls_accuracy": 0.8984375, "fast_rcnn/false_negative": 1.0, "fast_rcnn/fg_cls_accuracy": 0.0, "iteration": 59, "loss_box_reg": 0.3584253787994385, "loss_cls": 0.40699996054172516, "loss_rpn_cls": 0.0498144943267107, "loss_rpn_loc": 0.007685412187129259, "lr": 2.9720499999999998e-05, "roi_head/num_bg_samples": 116.5, "roi_head/num_fg_samples": 11.5, "rpn/num_neg_anchors": 251.5, "rpn/num_pos_anchors": 4.5, "time": 1.0472466539999914, "total_loss": 0.8298096172511578}
{"data_time": 0.002466765999997733, "eta_seconds": 436.5593832601826, "fast_rcnn/cls_accuracy": 0.91015625, "fast_rcnn/false_negative": 1.0, "fast_rcnn/fg_cls_accuracy": 0.0, "iteration": 79, "loss_box_reg": 0.3364819437265396, "loss_cls": 0.3270711451768875, "loss_rpn_cls": 0.022985023446381092, "loss_rpn_loc": 0.00536472094245255, "lr": 3.9710500000000005e-05, "roi_head/num_bg_samples": 116.5, "roi_head/num_fg_samples": 11.5, "rpn/num_neg_anchors": 252.5, "rpn/num_pos_anchors": 3.5, "time": 1.105890351999733, "total_loss": 0.6744351486559026}
{"data_time": 0.002522255499570747, "eta_seconds": 425.6718908000039, "fast_rcnn/cls_accuracy": 0.900390625, "fast_rcnn/false_negative": 1.0, "fast_rcnn/fg_cls_accuracy": 0.0, "iteration": 99, "loss_box_reg": 0.356824591755867, "loss_cls": 0.2952718883752823, "loss_rpn_cls": 0.014737299177795649, "loss_rpn_loc": 0.0032194367377087474, "lr": 4.97005e-05, "roi_head/num_bg_samples": 115.25, "roi_head/num_fg_samples": 12.75, "rpn/num_neg_anchors": 252.0, "rpn/num_pos_anchors": 4.0, "time": 1.0974457825000172, "total_loss": 0.6638014201889746}
{"data_time": 0.0026920939994852233, "eta_seconds": 409.12323534005736, "fast_rcnn/cls_accuracy": 0.904296875, "fast_rcnn/false_negative": 1.0, "fast_rcnn/fg_cls_accuracy": 0.0, "iteration": 119, "loss_box_reg": 0.353072389960289, "loss_cls": 0.2852059304714203, "loss_rpn_cls": 0.046570636332035065, "loss_rpn_loc": 0.007450495846569538, "lr": 5.96905e-05, "roi_head/num_bg_samples": 115.75, "roi_head/num_fg_samples": 12.25, "rpn/num_neg_anchors": 251.75, "rpn/num_pos_anchors": 4.25, "time": 1.0927494544998808, "total_loss": 0.6880953588988632}
{"data_time": 0.002275363000080688, "eta_seconds": 385.74996300007115, "fast_rcnn/cls_accuracy": 0.908203125, "fast_rcnn/false_negative": 1.0, "fast_rcnn/fg_cls_accuracy": 0.0, "iteration": 139, "loss_box_reg": 0.3473826050758362, "loss_cls": 0.24084823578596115, "loss_rpn_cls": 0.025502169504761696, "loss_rpn_loc": 0.008117075078189373, "lr": 6.96805e-05, "roi_head/num_bg_samples": 116.25, "roi_head/num_fg_samples": 11.75, "rpn/num_neg_anchors": 250.0, "rpn/num_pos_anchors": 6.0, "time": 0.985352013499778, "total_loss": 0.6413055956945755}
{"data_time": 0.0023351284999080235, "eta_seconds": 366.0576316200513, "fast_rcnn/cls_accuracy": 0.92578125, "fast_rcnn/false_negative": 1.0, "fast_rcnn/fg_cls_accuracy": 0.0, "iteration": 159, "loss_box_reg": 0.25788308680057526, "loss_cls": 0.24827990680933, "loss_rpn_cls": 0.02520498540252447, "loss_rpn_loc": 0.005988036282360554, "lr": 7.967050000000001e-05, "roi_head/num_bg_samples": 118.5, "roi_head/num_fg_samples": 9.5, "rpn/num_neg_anchors": 251.75, "rpn/num_pos_anchors": 4.25, "time": 1.0876092779999453, "total_loss": 0.553780997171998}
{"data_time": 0.0024100330006149306, "eta_seconds": 345.39564031991176, "fast_rcnn/cls_accuracy": 0.90625, "fast_rcnn/false_negative": 1.0, "fast_rcnn/fg_cls_accuracy": 0.0, "iteration": 179, "loss_box_reg": 0.34576819837093353, "loss_cls": 0.2329680398106575, "loss_rpn_cls": 0.014910286758095026, "loss_rpn_loc": 0.005948736798018217, "lr": 8.966049999999999e-05, "roi_head/num_bg_samples": 116.0, "roi_head/num_fg_samples": 12.0, "rpn/num_neg_anchors": 252.5, "rpn/num_pos_anchors": 3.5, "time": 1.09915906849983, "total_loss": 0.6313424014952034}
{"data_time": 0.0023672534998695482, "eta_seconds": 325.5306323999321, "fast_rcnn/cls_accuracy": 0.919921875, "fast_rcnn/false_negative": 1.0, "fast_rcnn/fg_cls_accuracy": 0.0, "iteration": 199, "loss_box_reg": 0.28653259575366974, "loss_cls": 0.2227081134915352, "loss_rpn_cls": 0.028684661723673344, "loss_rpn_loc": 0.008438155520707369, "lr": 9.96505e-05, "roi_head/num_bg_samples": 117.75, "roi_head/num_fg_samples": 10.25, "rpn/num_neg_anchors": 252.0, "rpn/num_pos_anchors": 4.0, "time": 1.205161353499534, "total_loss": 0.5800725105218589}
{"data_time": 0.0022068765001677093, "eta_seconds": 304.27749743990717, "fast_rcnn/cls_accuracy": 0.91796875, "fast_rcnn/false_negative": 1.0, "fast_rcnn/fg_cls_accuracy": 0.0, "iteration": 219, "loss_box_reg": 0.28541670739650726, "loss_cls": 0.2229096069931984, "loss_rpn_cls": 0.021424400620162487, "loss_rpn_loc": 0.005131251877173781, "lr": 0.00010964050000000001, "roi_head/num_bg_samples": 117.5, "roi_head/num_fg_samples": 10.5, "rpn/num_neg_anchors": 251.75, "rpn/num_pos_anchors": 4.25, "time": 1.1573064829999566, "total_loss": 0.5589160915696993}
{"data_time": 0.002333277499928954, "eta_seconds": 282.30939567997666, "fast_rcnn/cls_accuracy": 0.8984375, "fast_rcnn/false_negative": 1.0, "fast_rcnn/fg_cls_accuracy": 0.0, "iteration": 239, "loss_box_reg": 0.3552084267139435, "loss_cls": 0.2465929388999939, "loss_rpn_cls": 0.01673254184424877, "loss_rpn_loc": 0.0066068824380636215, "lr": 0.0001196305, "roi_head/num_bg_samples": 115.0, "roi_head/num_fg_samples": 13.0, "rpn/num_neg_anchors": 251.25, "rpn/num_pos_anchors": 4.75, "time": 0.9854920804996254, "total_loss": 0.6379108907422051}
{"data_time": 0.002612043499993888, "eta_seconds": 259.3838560799486, "fast_rcnn/cls_accuracy": 0.904296875, "fast_rcnn/false_negative": 1.0, "fast_rcnn/fg_cls_accuracy": 0.0, "iteration": 259, "loss_box_reg": 0.3482378274202347, "loss_cls": 0.24178798496723175, "loss_rpn_cls": 0.019779972732067108, "loss_rpn_loc": 0.00813135877251625, "lr": 0.0001296205, "roi_head/num_bg_samples": 115.75, "roi_head/num_fg_samples": 12.25, "rpn/num_neg_anchors": 251.0, "rpn/num_pos_anchors": 5.0, "time": 1.0508107004998237, "total_loss": 0.6098424071678892}
{"data_time": 0.0024373764999836567, "eta_seconds": 236.1134139099977, "fast_rcnn/cls_accuracy": 0.91796875, "fast_rcnn/false_negative": 1.0, "fast_rcnn/fg_cls_accuracy": 0.0, "iteration": 279, "loss_box_reg": 0.26925767958164215, "loss_cls": 0.20893379300832748, "loss_rpn_cls": 0.0194643996655941, "loss_rpn_loc": 0.005023739766329527, "lr": 0.00013961050000000003, "roi_head/num_bg_samples": 117.5, "roi_head/num_fg_samples": 10.5, "rpn/num_neg_anchors": 251.5, "rpn/num_pos_anchors": 4.5, "time": 0.9801149780000742, "total_loss": 0.5183199592866004}
{"data_time": 0.0022367430001395405, "eta_seconds": 215.05652380001266, "fast_rcnn/cls_accuracy": 0.912109375, "fast_rcnn/false_negative": 1.0, "fast_rcnn/fg_cls_accuracy": 0.0, "iteration": 299, "loss_box_reg": 0.33577480912208557,