{"data_time": 0.002597575501567917, "eta_seconds": 180.10153871990042, "fast_rcnn/cls_accuracy": 0.234375, "fast_rcnn/false_negative": 0.08571428571428572, "fast_rcnn/fg_cls_accuracy": 0.9142857142857144, "iteration": 19, "loss_box_reg": 0.9814891219139099, "loss_cls": 0.8918395638465881, "loss_rpn_cls": 0.11550430953502655, "loss_rpn_loc": 0.019433384761214256, "lr": 3.8962e-06, "roi_head/num_bg_samples": 24.0, "roi_head/num_fg_samples": 8.0, "rpn/num_neg_anchors": 235.25, "rpn/num_pos_anchors": 20.75, "time": 0.37521153899979254, "total_loss": 2.0408832170069218}
{"data_time": 0.0034913165000034496, "eta_seconds": 178.9218822107796, "fast_rcnn/cls_accuracy": 0.25, "fast_rcnn/false_negative": 0.2361111111111111, "fast_rcnn/fg_cls_accuracy": 0.7638888888888888, "iteration": 39, "loss_box_reg": 0.7725736200809479, "loss_cls": 0.8403230905532837, "loss_rpn_cls": 0.15435568988323212, "loss_rpn_loc": 0.012394441291689873, "lr": 7.8922e-06, "roi_head/num_bg_samples": 25.25, "roi_head/num_fg_samples": 6.75, "rpn/num_neg_anchors": 245.5, "rpn/num_pos_anchors": 10.5, "time": 0.4099373144999845, "total_loss": 1.8130351034924388}
{"data_time": 0.0031309864989452763, "eta_seconds": 169.27989144052844, "fast_rcnn/cls_accuracy": 0.4609375, "fast_rcnn/false_negative": 0.5625, "fast_rcnn/fg_cls_accuracy": 0.4375, "iteration": 59, "loss_box_reg": 0.8301869332790375, "loss_cls": 0.7226424813270569, "loss_rpn_cls": 0.21094784140586853, "loss_rpn_loc": 0.018046976998448372, "lr": 1.1888199999999999e-05, "roi_head/num_bg_samples": 24.5, "roi_head/num_fg_samples": 7.5, "rpn/num_neg_anchors": 247.0, "rpn/num_pos_anchors": 9.0, "time": 0.378291500501291, "total_loss": 1.8201019486878067}
{"data_time": 0.0027991180013486883, "eta_seconds": 161.58535092050442, "fast_rcnn/cls_accuracy": 0.71875, "fast_rcnn/false_negative": 0.9131944444444444, "fast_rcnn/fg_cls_accuracy": 0.08680555555555555, "iteration": 79, "loss_box_reg": 0.8475253880023956, "loss_cls": 0.6246950328350067, "loss_rpn_cls": 0.1826809048652649, "loss_rpn_loc": 0.01762511534616351, "lr": 1.5884200000000003e-05, "roi_head/num_bg_samples": 24.75, "roi_head/num_fg_samples": 7.25, "rpn/num_neg_anchors": 243.75, "rpn/num_pos_anchors": 12.25, "time": 0.3931399515004159, "total_loss": 1.6109822988510132}
{"data_time": 0.0026559255002212012, "eta_seconds": 154.52146360039478, "fast_rcnn/cls_accuracy": 0.796875, "fast_rcnn/false_negative": 1.0, "fast_rcnn/fg_cls_accuracy": 0.0, "iteration": 99, "loss_box_reg": 0.5552954375743866, "loss_cls": 0.5031699538230896, "loss_rpn_cls": 0.1764831840991974, "loss_rpn_loc": 0.011848113499581814, "lr": 1.9880200000000003e-05, "roi_head/num_bg_samples": 27.0, "roi_head/num_fg_samples": 5.0, "rpn/num_neg_anchors": 246.75, "rpn/num_pos_anchors": 9.25, "time": 0.39001240549987415, "total_loss": 1.2786085680127144}
{"data_time": 0.0029287675006344216, "eta_seconds": 146.19626988045638, "fast_rcnn/cls_accuracy": 0.7578125, "fast_rcnn/false_negative": 1.0, "fast_rcnn/fg_cls_accuracy": 0.0, "iteration": 119, "loss_box_reg": 0.9514049887657166, "loss_cls": 0.47311489284038544, "loss_rpn_cls": 0.13823267072439194, "loss_rpn_loc": 0.03373178094625473, "lr": 2.38762e-05, "roi_head/num_bg_samples": 24.0, "roi_head/num_fg_samples": 8.0, "rpn/num_neg_anchors": 225.0, "rpn/num_pos_anchors": 31.0, "time": 0.3783822740006144, "total_loss": 1.56914771348238}
