{"data_time": 0.002241438998680678, "eta_seconds": 455.20828439912293, "fast_rcnn/cls_accuracy": 0.78515625, "fast_rcnn/false_negative": 0.9383301707779885, "fast_rcnn/fg_cls_accuracy": 0.061669829222011384, "iteration": 19, "loss_box_reg": 0.3170660436153412, "loss_cls": 0.6054781675338745, "loss_rpn_cls": 0.020858346950262785, "loss_rpn_loc": 0.006697731325402856, "lr": 9.7405e-06, "roi_head/num_bg_samples": 117.5, "roi_head/num_fg_samples": 10.5, "rpn/num_neg_anchors": 251.5, "rpn/num_pos_anchors": 4.5, "time": 0.9483505924981728, "total_loss": 1.0273798005655408}
