{"data_time": 0.002780185499432264, "eta_seconds": 491.574793200125, "fast_rcnn/cls_accuracy": 0.912109375, "fast_rcnn/false_negative": 1.0, "fast_rcnn/fg_cls_accuracy": 0.0, "iteration": 19, "loss_box_reg": 0.35803481936454773, "loss_cls": 0.46834471821784973, "loss_rpn_cls": 0.0250337952747941, "loss_rpn_loc": 0.00539106409996748, "lr": 3.8962e-06, "roi_head/num_bg_samples": 116.75, "roi_head/num_fg_samples": 11.25, "rpn/num_neg_anchors": 252.25, "rpn/num_pos_anchors": 3.75, "time": 1.0241141525002604, "total_loss": 0.8540889426367357}
{"data_time": 0.0026519195016589947, "eta_seconds": 490.4752148199623, "fast_rcnn/cls_accuracy": 0.91796875, "fast_rcnn/false_negative": 1.0, "fast_rcnn/fg_cls_accuracy": 0.0, "iteration": 39, "loss_box_reg": 0.2836282402276993, "loss_cls": 0.44832292199134827, "loss_rpn_cls": 0.043757203966379166, "loss_rpn_loc": 0.005168632138520479, "lr": 7.8922e-06, "roi_head/num_bg_samples": 117.5, "roi_head/num_fg_samples": 10.5, "rpn/num_neg_anchors": 252.5, "rpn/num_pos_anchors": 3.5, "time": 1.0992474395006866, "total_loss": 0.7789433425059542}
