{"data_time": 0.0012699859998974716, "eta_seconds": 54.480371039535385, "fast_rcnn/cls_accuracy": 0.75, "fast_rcnn/false_negative": 1.0, "fast_rcnn/fg_cls_accuracy": 0.0, "iteration": 19, "loss_box_reg": 0.8429635167121887, "loss_cls": 0.6086540818214417, "loss_rpn_cls": 0.27961497008800507, "loss_rpn_loc": 0.01412952272221446, "lr": 3.8962e-06, "roi_head/num_bg_samples": 6.0, "roi_head/num_fg_samples": 2.0, "rpn/num_neg_anchors": 245.0, "rpn/num_pos_anchors": 11.0, "time": 0.11350077299903205, "total_loss": 1.7363017683383077}
{"data_time": 0.0013307419994816883, "eta_seconds": 53.56142549047945, "fast_rcnn/cls_accuracy": 0.75, "fast_rcnn/false_negative": 1.0, "fast_rcnn/fg_cls_accuracy": 0.0, "iteration": 39, "loss_box_reg": 0.9593945145606995, "loss_cls": 0.6014975011348724, "loss_rpn_cls": 0.18775610625743866, "loss_rpn_loc": 0.036482750438153744, "lr": 7.8922e-06, "roi_head/num_bg_samples": 6.0, "roi_head/num_fg_samples": 2.0, "rpn/num_neg_anchors": 241.5, "rpn/num_pos_anchors": 14.5, "time": 0.11848144450050313, "total_loss": 1.807339224149473}
{"data_time": 0.0013506574996426934, "eta_seconds": 50.21091768037877, "fast_rcnn/cls_accuracy": 0.75, "fast_rcnn/false_negative": 1.0, "fast_rcnn/fg_cls_accuracy": 0.0, "iteration": 59, "loss_box_reg": 1.0031650364398956, "loss_cls": 0.5829309821128845, "loss_rpn_cls": 0.21684879809617996, "loss_rpn_loc": 0.02937390562146902, "lr": 1.1888199999999999e-05, "roi_head/num_bg_samples": 6.0, "roi_head/num_fg_samples": 2.0, "rpn/num_neg_anchors": 240.0, "rpn/num_pos_anchors": 16.0, "time": 0.10829247000037867, "total_loss": 1.8295693341642618}
{"data_time": 0.0013196715008234605, "eta_seconds": 46.70347856961598, "fast_rcnn/cls_accuracy": 0.75, "fast_rcnn/false_negative": 1.0, "fast_rcnn/fg_cls_accuracy": 0.0, "iteration": 79, "loss_box_reg": 0.950503945350647, "loss_cls": 0.5441025793552399, "loss_rpn_cls": 0.206072598695755, "loss_rpn_loc": 0.0539229791611433, "lr": 1.5884200000000003e-05, "roi_head/num_bg_samples": 6.0, "roi_head/num_fg_samples": 2.0, "rpn/num_neg_anchors": 230.5, "rpn/num_pos_anchors": 25.5, "time": 0.10644062850042246, "total_loss": 1.8119017351418734}
{"data_time": 0.0003511159993649926, "eta_seconds": 44.47950339963427, "fast_rcnn/cls_accuracy": 0.75, "fast_rcnn/false_negative": 1.0, "fast_rcnn/fg_cls_accuracy": 0.0, "iteration": 99, "loss_box_reg": 1.0656388998031616, "loss_cls": 0.5251967012882233, "loss_rpn_cls": 0.2048659846186638, "loss_rpn_loc": 0.025001741014420986, "lr": 1.9880200000000003e-05, "roi_head/num_bg_samples": 6.0, "roi_head/num_fg_samples": 2.0, "rpn/num_neg_anchors": 237.0, "rpn/num_pos_anchors": 19.0, "time": 0.11197474949949537, "total_loss": 1.905228989198804}
{"data_time": 0.0014910195004631532, "eta_seconds": 43.6248937606797, "fast_rcnn/cls_accuracy": 0.75, "fast_rcnn/false_negative": 1.0, "fast_rcnn/fg_cls_accuracy": 0.0, "iteration": 119, "loss_box_reg": 1.0749996900558472, "loss_cls": 0.518982321023941, "loss_rpn_cls": 0.19632896780967712, "loss_rpn_loc": 0.01785135269165039, "lr": 2.38762e-05, "roi_head/num_bg_samples": 6.0, "roi_head/num_fg_samples": 2.0, "rpn/num_neg_anchors": 245.0, "rpn/num_pos_anchors": 11.0, "time": 0.12155374150097487, "total_loss": 1.8147402493050322}
{"data_time": 0.0014529889995174017, "eta_seconds": 41.328846720643924, "fast_rcnn/cls_accuracy": 0.75, "fast_rcnn/false_negative": 1.0, "fast_rcnn/fg_cls_accuracy": 0.0, "iteration": 139, "loss_box_reg": 0.8747133016586304, "loss_cls": 0.478604719042778, "loss_rpn_cls": 0.2125716358423233, "loss_rpn_loc": 0.01842992752790451, "lr": 2.7872200000000004e-05, "roi_head/num_bg_samples": 6.0, "roi_head/num_fg_samples": 2.0, "rpn/num_neg_anchors": 242.0, "rpn/num_pos_anchors": 14.0, "time": 0.11568614399948274, "total_loss": 1.7269115317612886}
{"data_time": 0.0013640425004268764, "eta_seconds": 38.96284145022946, "fast_rcnn/cls_accuracy": 0.75, "fast_rcnn/false_negative": 1.0, "fast_rcnn/fg_cls_accuracy": 0.0, "iteration": 159, "loss_box_reg": 0.935519814491272, "loss_cls": 0.4817661643028259, "loss_rpn_cls": 0.17627455294132233, "loss_rpn_loc": 0.02085806429386139, "lr": 3.18682e-05, "roi_head/num_bg_samples": 6.0, "roi_head/num_fg_samples": 2.0, "rpn/num_neg_anchors": 245.0, "rpn/num_pos_anchors": 11.0, "time": 0.1139424440007133, "total_loss": 1.619114754954353}
{"data_time": 0.0017158934988401597, "eta_seconds": 36.773838240187615, "fast_rcnn/cls_accuracy": 0.75, "fast_rcnn/false_negative": 1.0, "fast_rcnn/fg_cls_accuracy": 0.0, "iteration": 179, "loss_box_reg": 0.872357964515686, "loss_cls": 0.454907163977623, "loss_rpn_cls": 0.19816453009843826, "loss_rpn_loc": 0.01284264656715095, "lr": 3.5864199999999995e-05, "roi_head/num_bg_samples": 6.0, "roi_head/num_fg_samples": 2.0, "rpn/num_neg_anchors": 242.5, "rpn/num_pos_anchors": 13.5, "time": 0.11512493800000811, "total_loss": 1.533782678307034}
{"data_time": 0.0014176479999150615, "eta_seconds": 34.47547335017589, "fast_rcnn/cls_accuracy": 0.75, "fast_rcnn/false_negative": 1.0, "fast_rcnn/fg_cls_accuracy": 0.0, "iteration": 199, "loss_box_reg": 0.9039446115493774, "loss_cls": 0.42221806943416595, "loss_rpn_cls": 0.12474814429879189, "loss_rpn_loc": 0.03039835300296545, "lr": 3.98602e-05, "roi_head/num_bg_samples": 6.0, "roi_head/num_fg_samples": 2.0, "rpn/num_neg_anchors": 234.0, "rpn/num_pos_anchors": 22.0, "time": 0.11431302849996428, "total_loss": 1.554934593848884}
{"data_time": 0.000485732502056635, "eta_seconds": 32.17710846016416, "fast_rcnn/cls_accuracy": 0.75, "fast_rcnn/false_negative": 1.0, "fast_rcnn/fg_cls_accuracy": 0.0, "iteration": 219, "loss_box_reg": 0.9602017104625702, "loss_cls": 0.4279761165380478, "loss_rpn_cls": 0.18624016642570496, "loss_rpn_loc": 0.021842346526682377, "lr": 4.38562e-05, "roi_head/num_bg_samples": 6.0, "roi_head/num_fg_samples": 2.0, "rpn/num_neg_anchors": 241.0, "rpn/num_pos_anchors": 15.0, "time": 0.11505077549918497, "total_loss": 1.6404522452503443}
{"data_time": 0.0012767905009241076, "eta_seconds": 29.878743570152437, "fast_rcnn/cls_accuracy": 0.75, "fast_rcnn/false_negative": 1.0, "fast_rcnn/fg_cls_accuracy": 0.0, "iteration": 239, "loss_box_reg": 0.9429971575737, "loss_cls": 0.4042990058660507, "loss_rpn_cls": 0.13992475718259811, "loss_rpn_loc": 0.05840637907385826, "lr": 4.78522e-05, "roi_head/num_bg_samples": 6.0, "roi_head/num_fg_samples": 2.0, "rpn/num_neg_anchors": 226.5, "rpn/num_pos_anchors": 29.5, "time": 0.11515198550114292, "total_loss": 1.598943795543164}
{"data_time": 0.001419707999957609, "eta_seconds": 27.49371383994003, "fast_rcnn/cls_accuracy": 0.75, "fast_rcnn/false_negative": 1.0, "fast_rcnn/fg_cls_accuracy": 0.0, "iteration": 259, "loss_box_reg": 0.7952967584133148, "loss_cls": 0.3634728938341141, "loss_rpn_cls": 0.16644859313964844, "loss_rpn_loc": 0.015859504230320454, "lr": 5.18482e-05, "roi_head/num_bg_samples": 6.0, "roi_head/num_fg_samples": 2.0, "rpn/num_neg_anchors": 243.5, "rpn/num_pos_anchors": 12.5, "time": 0.1047323034999863, "total_loss": 1.3973437491804361}
{"data_time": 0.0012420159982866608, "eta_seconds": 24.71513924014289, "fast_rcnn/cls_accuracy": 0.8125, "fast_rcnn/false_negative": 1.0, "fast_rcnn/fg_cls_accuracy": 0.0, "iteration": 279, "loss_box_reg": 1.0493899583816528, "loss_cls": 0.3748331069946289, "loss_rpn_cls": 0.14807888865470886, "loss_rpn_loc": 0.0412567462772131, "lr": 5.584420000000001e-05, "roi_head/num_bg_samples": 6.0, "roi_head/num_fg_samples": 2.0, "rpn/num_neg_anchors": 234.5, "rpn/num_pos_anchors": 21.5, "time": 0.10251437700026145, "total_loss": 1.5737929078750312}
{"data_time": 0.0005487944999913452, "eta_seconds": 22.498817700034124, "fast_rcnn/cls_accuracy": 0.75, "fast_rcnn/false_negative": 1.0, "fast_rcnn/fg_cls_accuracy": 0.0, "iteration": 299, "loss_box_reg": 0.9379603862762451, "loss_cls": 0.41861553490161896, "loss_rpn_cls": 0.13651054352521896, "loss_rpn_loc": 0.04408182017505169, "lr": 5.9840200000000003e-05, "roi_head/num_bg_samples": 6.0, "roi_head/num_fg_samples": 2.0, "rpn/num_neg_anchors": 230.0,