{"data_time": 0.002212539499964805, "eta_seconds": 228.33540260000177, "fast_rcnn/cls_accuracy": 0.63671875, "fast_rcnn/false_negative": 0.8610038610038611, "fast_rcnn/fg_cls_accuracy": 0.138996138996139, "iteration": 19, "loss_box_reg": 0.3507070392370224, "loss_cls": 0.6481618285179138, "loss_rpn_cls": 0.026948592625558376, "loss_rpn_loc": 0.006138449069112539, "lr": 1.9231e-05, "roi_head/num_bg_samples": 116.25, "roi_head/num_fg_samples": 11.75, "rpn/num_neg_anchors": 252.0, "rpn/num_pos_anchors": 4.0, "time": 0.9927626200000077, "total_loss": 1.0383126914966851}
{"data_time": 0.0023826189998317204, "eta_seconds": 216.17027039997993, "fast_rcnn/cls_accuracy": 0.91796875, "fast_rcnn/false_negative": 1.0, "fast_rcnn/fg_cls_accuracy": 0.0, "iteration": 39, "loss_box_reg": 0.23495155572891235, "loss_cls": 0.48248644173145294, "loss_rpn_cls": 0.029120108112692833, "loss_rpn_loc": 0.00540528167039156, "lr": 3.9211e-05, "roi_head/num_bg_samples": 119.75, "roi_head/num_fg_samples": 8.25, "rpn/num_neg_anchors": 252.5, "rpn/num_pos_anchors": 3.5, "time": 1.0405841084999565, "total_loss": 0.8033793541253544}
{"data_time": 0.002309813000010763, "eta_seconds": 197.71098061499174, "fast_rcnn/cls_accuracy": 0.908203125, "fast_rcnn/false_negative": 1.0, "fast_rcnn/fg_cls_accuracy": 0.0, "iteration": 59, "loss_box_reg": 0.36764535307884216, "loss_cls": 0.3466052711009979, "loss_rpn_cls": 0.008030871395021677, "loss_rpn_loc": 0.00537837902083993, "lr": 5.9190999999999996e-05, "roi_head/num_bg_samples": 116.25, "roi_head/num_fg_samples": 11.75, "rpn/num_neg_anchors": 252.0, "rpn/num_pos_anchors": 4.0, "time": 1.1128698185000303, "total_loss": 0.7330057786311954}
{"data_time": 0.0025373165000246445, "eta_seconds": 174.99498079998375, "fast_rcnn/cls_accuracy": 0.912109375, "fast_rcnn/false_negative": 1.0, "fast_rcnn/fg_cls_accuracy": 0.0, "iteration": 79, "loss_box_reg": 0.3434152901172638, "loss_cls": 0.29721465706825256, "loss_rpn_cls": 0.027911928482353687, "loss_rpn_loc": 0.00541307358071208, "lr": 7.9171e-05, "roi_head/num_bg_samples": 116.75, "roi_head/num_fg_samples": 11.25, "rpn/num_neg_anchors": 252.0, "rpn/num_pos_anchors": 4.0, "time": 0.9888009175000434, "total_loss": 0.7051943752449006}
{"data_time": 0.002323818000149913, "eta_seconds": 149.90469562499698, "fast_rcnn/cls_accuracy": 0.91015625, "fast_rcnn/false_negative": 1.0, "fast_rcnn/fg_cls_accuracy": 0.0, "iteration": 99, "loss_box_reg": 0.3131103813648224, "loss_cls": 0.2670962065458298, "loss_rpn_cls": 0.02071892935782671, "loss_rpn_loc": 0.007663901895284653, "lr": 9.9151e-05, "roi_head/num_bg_samples": 116.5, "roi_head/num_fg_samples": 11.5, "rpn/num_neg_anchors": 252.0, "rpn/num_pos_anchors": 4.0, "time": 0.906120355999974, "total_loss": 0.6991986157372594}
{"data_time": 0.002451274000009107, "eta_seconds": 130.62800204999576, "fast_rcnn/cls_accuracy": 0.900390625, "fast_rcnn/false_negative": 1.0, "fast_rcnn/fg_cls_accuracy": 0.0, "iteration": 119, "loss_box_reg": 0.36798520386219025, "loss_cls": 0.24060144275426865, "loss_rpn_cls": 0.015996653586626053, "loss_rpn_loc": 0.010310293175280094, "lr": 0.00011913100000000001, "roi_head/num_bg_samples": 115.25, "roi_head/num_fg_samples": 12.75, "rpn/num_neg_anchors": 250.0, "rpn/num_pos_anchors": 6.0, "time": 1.077337625000041, "total_loss": 0.6610439913347363}
{"data_time": 0.0023242799999252384, "eta_seconds": 110.53138634999641, "fast_rcnn/cls_accuracy": 0.93359375, "fast_rcnn/false_negative": 1.0, "fast_rcnn/fg_cls_accuracy": 0.0, "iteration": 139, "loss_box_reg": 0.2259005606174469, "loss_cls": 0.19830289483070374, "loss_rpn_cls": 0.05473419837653637, "loss_rpn_loc": 0.009759384207427502, "lr": 0.000139111, "roi_head/num_bg_samples": 119.5, "roi_head/num_fg_samples": 8.5, "rpn/num_neg_anchors": 252.0, "rpn/num_pos_anchors": 4.0, "time": 1.0093436959998598, "total_loss": 0.5290673188865185}
{"data_time": 0.002379369999971459, "eta_seconds": 90.5270778449983, "fast_rcnn/cls_accuracy": 0.896484375, "fast_rcnn/false_negative": 1.0, "fast_rcnn/fg_cls_accuracy": 0.0, "iteration": 159, "loss_box_reg": 0.3841266930103302, "loss_cls": 0.2533814162015915, "loss_rpn_cls": 0.015191656071692705, "loss_rpn_loc": 0.008426647633314133, "lr": 0.000159091, "roi_head/num_bg_samples": 114.75, "roi_head/num_fg_samples": 13.25, "rpn/num_neg_anchors": 251.5, "rpn/num_pos_anchors": 4.5, "time": 1.017016574999957, "total_loss": 0.6656532669439912}
{"data_time": 0.002405241000019487, "eta_seconds": 70.78981055999748, "fast_rcnn/cls_accuracy": 0.904296875, "fast_rcnn/false_negative": 1.0, "fast_rcnn/fg_cls_accuracy": 0.0, "iteration": 179, "loss_box_reg": 0.36845563352108, "loss_cls": 0.2519475594162941, "loss_rpn_cls": 0.028202883899211884, "loss_rpn_loc": 0.0049057044088840485, "lr": 0.000179071, "roi_head/num_bg_samples": 115.75, "roi_head/num_fg_samples": 12.25, "rpn/num_neg_anchors": 252.5, "rpn/num_pos_anchors": 3.5, "time": 1.0401449480000338, "total_loss": 0.6626131320372224}
{"data_time": 0.002434473999983311, "eta_seconds": 50.29282102499906, "fast_rcnn/cls_accuracy": 0.88671875, "fast_rcnn/false_negative": 1.0, "fast_rcnn/fg_cls_accuracy": 0.0, "iteration": 199, "loss_box_reg": 0.4075011909008026, "loss_cls": 0.2418404221534729, "loss_rpn_cls": 0.016698427964001894, "loss_rpn_loc": 0.009484314359724522, "lr": 0.000199051, "roi_head/num_bg_samples": 113.5, "roi_head/num_fg_samples": 14.5, "rpn/num_neg_anchors": 251.5, "rpn/num_pos_anchors": 4.5, "time": 0.9963060344999803, "total_loss": 0.6337115014175652}
{"data_time": 0.0023340745000268726, "eta_seconds": 29.87466958500022, "fast_rcnn/cls_accuracy": 0.916015625, "fast_rcnn/false_negative": 1.0, "fast_rcnn/fg_cls_accuracy": 0.0, "iteration": 219, "loss_box_reg": 0.29742442071437836, "loss_cls": 0.21718856692314148, "loss_rpn_cls": 0.01328930864110589, "loss_rpn_loc": 0.008061917033046484, "lr": 0.000219031, "roi_head/num_bg_samples": 117.25, "roi_head/num_fg_samples": 10.75, "rpn/num_neg_anchors": 250.75, "rpn/num_pos_anchors": 5.25, "time": 0.8956468105000113, "total_loss": 0.5787253854650771}
{"data_time": 0.0024071915000831723, "eta_seconds": 9.935138165000126, "fast_rcnn/cls_accuracy": 0.91015625, "fast_rcnn/false_negative": 1.0, "fast_rcnn/fg_cls_accuracy": 0.0, "iteration": 239, "loss_box_reg": 0.3088490664958954, "loss_cls": 0.2425890788435936, "loss_rpn_cls": 0.017106711398810148, "loss_rpn_loc": 0.007443831069394946, "lr": 0.00023901100000000002, "roi_head/num_bg_samples": 115.75, "roi_head/num_fg_samples": 12.25, "rpn/num_neg_anchors": 252.25, "rpn/num_pos_anchors": 3.75, "time": 0.9704664194998713, "total_loss": 0.5767836421728134}
{"data_time": 0.0023293315000501025, "eta_seconds": 0.0, "fast_rcnn/cls_accuracy": 0.921875, "fast_rcnn/false_negative": 0.9736842105263157, "fast_rcnn/fg_cls_accuracy": 0.02631578947368421, "iteration": 249, "loss_box_reg": 0.28409460186958313, "loss_cls": 0.2266060709953308, "loss_rpn_cls": 0.021325496025383472, "loss_rpn_loc": 0.007506487891077995, "lr": 0.000249001, "roi_head/num_bg_samples": 117.0, "roi_head/num_fg_samples": 11.0, "rpn/num_neg_anchors": 252.0, "rpn/num_pos_anchors": 4.0, "time": 0.9746381984998607, "total_loss": 0.5261765508912504}
