{"data_time": 0.0023744499999338586, "eta_seconds": 515.9179514400603, "fast_rcnn/cls_accuracy": 0.646484375, "fast_rcnn/false_negative": 0.6805555555555556, "fast_rcnn/fg_cls_accuracy": 0.3194444444444444, "iteration": 19, "loss_box_reg": 0.2836180478334427, "loss_cls": 0.6497983634471893, "loss_rpn_cls": 0.04251464828848839, "loss_rpn_loc": 0.006739930948242545, "lr": 9.7405e-06, "roi_head/num_bg_samples": 118.0, "roi_head/num_fg_samples": 10.0, "rpn/num_neg_anchors": 250.75, "rpn/num_pos_anchors": 5.25, "time": 1.0748290655001256, "total_loss": 0.9588857875205576}
{"data_time": 0.0023183994994724344, "eta_seconds": 474.1200286701496, "fast_rcnn/cls_accuracy": 0.875, "fast_rcnn/false_negative": 0.8786764705882353, "fast_rcnn/fg_cls_accuracy": 0.1213235294117647, "iteration": 39, "loss_box_reg": 0.2894570529460907, "loss_cls": 0.5442131459712982, "loss_rpn_cls": 0.03394444938749075, "loss_rpn_loc": 0.005736699094995856, "lr": 1.97305e-05, "roi_head/num_bg_samples": 117.25, "roi_head/num_fg_samples": 10.75, "rpn/num_neg_anchors": 252.0, "rpn/num_pos_anchors": 4.0, "time": 1.0196805935001976, "total_loss": 0.923730670590885}
{"data_time": 0.0023396399997182016, "eta_seconds": 453.5061143801431, "fast_rcnn/cls_accuracy": 0.8984375, "fast_rcnn/false_negative": 1.0, "fast_rcnn/fg_cls_accuracy": 0.0, "iteration": 59, "loss_box_reg": 0.3584253787994385, "loss_cls": 0.40699996054172516, "loss_rpn_cls": 0.0498144943267107, "loss_rpn_loc": 0.007685412187129259, "lr": 2.9720499999999998e-05, "roi_head/num_bg_samples": 116.5, "roi_head/num_fg_samples": 11.5, "rpn/num_neg_anchors": 251.5, "rpn/num_pos_anchors": 4.5, "time": 1.0472466539999914, "total_loss": 0.8298096172511578}
{"data_time": 0.002466765999997733, "eta_seconds": 436.5593832601826, "fast_rcnn/cls_accuracy": 0.91015625, "fast_rcnn/false_negative": 1.0, "fast_rcnn/fg_cls_accuracy": 0.0, "iteration": 79, "loss_box_reg": 0.3364819437265396, "loss_cls": 0.3270711451768875, "loss_rpn_cls": 0.022985023446381092, "loss_rpn_loc": 0.00536472094245255, "lr": 3.9710500000000005e-05, "roi_head/num_bg_samples": 116.5, "roi_head/num_fg_samples": 11.5, "rpn/num_neg_anchors": 252.5, "rpn/num_pos_anchors": 3.5, "time": 1.105890351999733, "total_loss": 0.6744351486559026}
{"data_time": 0.002522255499570747, "eta_seconds": 425.6718908000039, "fast_rcnn/cls_accuracy": 0.900390625, "fast_rcnn/false_negative": 1.0, "fast_rcnn/fg_cls_accuracy": 0.0, "iteration": 99, "loss_box_reg": 0.356824591755867, "loss_cls": 0.2952718883752823, "loss_rpn_cls": 0.014737299177795649, "loss_rpn_loc": 0.0032194367377087474, "lr": 4.97005e-05, "roi_head/num_bg_samples": 115.25, "roi_head/num_fg_samples": 12.75, "rpn/num_neg_anchors": 252.0, "rpn/num_pos_anchors": 4.0, "time": 1.0974457825000172, "total_loss": 0.6638014201889746}
{"data_time": 0.0026920939994852233, "eta_seconds": 409.12323534005736, "fast_rcnn/cls_accuracy": 0.904296875, "fast_rcnn/false_negative": 1.0, "fast_rcnn/fg_cls_accuracy": 0.0, "iteration": 119, "loss_box_reg": 0.353072389960289, "loss_cls": 0.2852059304714203, "loss_rpn_cls": 0.046570636332035065, "loss_rpn_loc": 0.007450495846569538, "lr": 5.96905e-05, "roi_head/num_bg_samples": 115.75, "roi_head/num_fg_samples": 12.25, "rpn/num_neg_anchors": 251.75, "rpn/num_pos_anchors": 4.25, "time": 1.0927494544998808, "total_loss": 0.6880953588988632}
