{"data_time": 0.0023744499999338586, "eta_seconds": 515.9179514400603, "fast_rcnn/cls_accuracy": 0.646484375, "fast_rcnn/false_negative": 0.6805555555555556, "fast_rcnn/fg_cls_accuracy": 0.3194444444444444, "iteration": 19, "loss_box_reg": 0.2836180478334427, "loss_cls": 0.6497983634471893, "loss_rpn_cls": 0.04251464828848839, "loss_rpn_loc": 0.006739930948242545, "lr": 9.7405e-06, "roi_head/num_bg_samples": 118.0, "roi_head/num_fg_samples": 10.0, "rpn/num_neg_anchors": 250.75, "rpn/num_pos_anchors": 5.25, "time": 1.0748290655001256, "total_loss": 0.9588857875205576}
{"data_time": 0.0023183994994724344, "eta_seconds": 474.1200286701496, "fast_rcnn/cls_accuracy": 0.875, "fast_rcnn/false_negative": 0.8786764705882353, "fast_rcnn/fg_cls_accuracy": 0.1213235294117647, "iteration": 39, "loss_box_reg": 0.2894570529460907, "loss_cls": 0.5442131459712982, "loss_rpn_cls": 0.03394444938749075, "loss_rpn_loc": 0.005736699094995856, "lr": 1.97305e-05, "roi_head/num_bg_samples": 117.25, "roi_head/num_fg_samples": 10.75, "rpn/num_neg_anchors": 252.0, "rpn/num_pos_anchors": 4.0, "time": 1.0196805935001976, "total_loss": 0.923730670590885}
