{"data_time": 0.00238206199992419, "eta_seconds": 224.72065187491353, "fast_rcnn/cls_accuracy": 0.607421875, "fast_rcnn/false_negative": 0.5853365384615384, "fast_rcnn/fg_cls_accuracy": 0.41466346153846156, "iteration": 19, "loss_box_reg": 0.36270731687545776, "loss_cls": 0.6761761009693146, "loss_rpn_cls": 0.017394275404512882, "loss_rpn_loc": 0.005253152688965201, "lr": 1.9231e-05, "roi_head/num_bg_samples": 115.25, "roi_head/num_fg_samples": 12.75, "rpn/num_neg_anchors": 252.25, "rpn/num_pos_anchors": 3.75, "time": 0.977046312499624, "total_loss": 1.0825366083881818}
{"data_time": 0.002291877000061504, "eta_seconds": 203.28296477993717, "fast_rcnn/cls_accuracy": 0.89453125, "fast_rcnn/false_negative": 0.9449275362318841, "fast_rcnn/fg_cls_accuracy": 0.05507246376811594, "iteration": 39, "loss_box_reg": 0.3340710699558258, "loss_cls": 0.5214910209178925, "loss_rpn_cls": 0.028309453278779984, "loss_rpn_loc": 0.006840813672170043, "lr": 3.9211e-05, "roi_head/num_bg_samples": 116.5, "roi_head/num_fg_samples": 11.5, "rpn/num_neg_anchors": 251.25, "rpn/num_pos_anchors": 4.75, "time": 0.9680141179997008, "total_loss": 0.8857846627943218}
{"data_time": 0.0025414639994778554, "eta_seconds": 186.59571318997223, "fast_rcnn/cls_accuracy": 0.904296875, "fast_rcnn/false_negative": 1.0, "fast_rcnn/fg_cls_accuracy": 0.0, "iteration": 59, "loss_box_reg": 0.3542281240224838, "loss_cls": 0.3277866691350937, "loss_rpn_cls": 0.048161979764699936, "loss_rpn_loc": 0.009196832776069641, "lr": 5.9190999999999996e-05, "roi_head/num_bg_samples": 115.75, "roi_head/num_fg_samples": 12.25, "rpn/num_neg_anchors": 251.0, "rpn/num_pos_anchors": 5.0, "time": 1.0938384680002855, "total_loss": 0.7995807160623372}
{"data_time": 0.0024663944996063947, "eta_seconds": 174.08940235988666, "fast_rcnn/cls_accuracy": 0.916015625, "fast_rcnn/false_negative": 1.0, "fast_rcnn/fg_cls_accuracy": 0.0, "iteration": 79, "loss_box_reg": 0.2982300817966461, "loss_cls": 0.2572214901447296, "loss_rpn_cls": 0.03122707922011614, "loss_rpn_loc": 0.006959536811336875, "lr": 7.9171e-05, "roi_head/num_bg_samples": 117.25, "roi_head/num_fg_samples": 10.75, "rpn/num_neg_anchors": 252.5, "rpn/num_pos_anchors": 3.5, "time": 1.0933767864999027, "total_loss": 0.6036235432839021}
{"data_time": 0.0028232614995431504, "eta_seconds": 158.94933142499212, "fast_rcnn/cls_accuracy": 0.927734375, "fast_rcnn/false_negative": 1.0, "fast_rcnn/fg_cls_accuracy": 0.0, "iteration": 99, "loss_box_reg": 0.28507788479328156, "loss_cls": 0.23501675575971603, "loss_rpn_cls": 0.018908826634287834, "loss_rpn_loc": 0.007170944940298796, "lr": 9.9151e-05, "roi_head/num_bg_samples": 118.75, "roi_head/num_fg_samples": 9.25, "rpn/num_neg_anchors": 251.75, "rpn/num_pos_anchors": 4.25, "time": 1.1552429205003136, "total_loss": 0.5694384889502544}
{"data_time": 0.0030406540008698357, "eta_seconds": 138.44420343006277, "fast_rcnn/cls_accuracy": 0.90625, "fast_rcnn/false_negative": 1.0, "fast_rcnn/fg_cls_accuracy": 0.0, "iteration": 119, "loss_box_reg": 0.35627858340740204, "loss_cls": 0.26335813105106354, "loss_rpn_cls": 0.022655016742646694, "loss_rpn_loc": 0.006755131529644132, "lr": 0.00011913100000000001, "roi_head/num_bg_samples": 116.0, "roi_head/num_fg_samples": 12.0, "rpn/num_neg_anchors": 251.25, "rpn/num_pos_anchors": 4.75, "time": 1.078516634499465, "total_loss": 0.6521030659787357}
{"data_time": 0.0024757914998190245, "eta_seconds": 117.00516871992477, "fast_rcnn/cls_accuracy": 0.90625, "fast_rcnn/false_negative": 1.0, "fast_rcnn/fg_cls_accuracy": 0.0, "iteration": 139, "loss_box_reg": 0.35890018939971924, "loss_cls": 0.24032602459192276, "loss_rpn_cls": 0.02971957717090845, "loss_rpn_loc": 0.008463653735816479, "lr": 0.000139111, "roi_head/num_bg_samples": 116.0, "roi_head/num_fg_samples": 12.0, "rpn/num_neg_anchors": 251.25, "rpn/num_pos_anchors": 4.75, "time": 1.061913005999486, "total_loss": 0.6496594625059515}
{"data_time": 0.0023214755001390586, "eta_seconds": 95.73150167993845, "fast_rcnn/cls_accuracy": 0.912109375, "fast_rcnn/false_negative": 1.0, "fast_rcnn/fg_cls_accuracy": 0.0, "iteration": 159, "loss_box_reg": 0.31548644602298737, "loss_cls": 0.23197028785943985, "loss_rpn_cls": 0.01784717757254839, "loss_rpn_loc": 0.008953869342803955, "lr": 0.000159091, "roi_head/num_bg_samples": 117.0, "roi_head/num_fg_samples": 11.0, "rpn/num_neg_anchors": 251.5, "rpn/num_pos_anchors": 4.5, "time": 1.0652992125005767, "total_loss": 0.6113759978907183}
{"data_time": 0.0026308484993933234, "eta_seconds": 74.83529406505113, "fast_rcnn/cls_accuracy": 0.912109375, "fast_rcnn/false_negative": 1.0, "fast_rcnn/fg_cls_accuracy": 0.0, "iteration": 179, "loss_box_reg": 0.3217639625072479, "loss_cls": 0.20905379951000214, "loss_rpn_cls": 0.028459617868065834, "loss_rpn_loc": 0.004817246226593852, "lr": 0.000179071, "roi_head/num_bg_samples": 116.75, "roi_head/num_fg_samples": 11.25, "rpn/num_neg_anchors": 252.0, "rpn/num_pos_anchors": 4.0, "time": 1.1431265839992193, "total_loss": 0.5745296465465799}
{"data_time": 0.0026351740007157787, "eta_seconds": 53.41165757504314, "fast_rcnn/cls_accuracy": 0.908203125, "fast_rcnn/false_negative": 1.0, "fast_rcnn/fg_cls_accuracy": 0.0, "iteration": 199, "loss_box_reg": 0.32901541888713837, "loss_cls": 0.22247273474931717, "loss_rpn_cls": 0.008863486349582672, "loss_rpn_loc": 0.007953888271003962, "lr": 0.000199051, "roi_head/num_bg_samples": 116.25, "roi_head/num_fg_samples": 11.75, "rpn/num_neg_anchors": 250.5, "rpn/num_pos_anchors": 5.5, "time": 1.0308754485004101, "total_loss": 0.6300527323910501}
{"data_time": 0.002784004999739409, "eta_seconds": 32.11434283502058, "fast_rcnn/cls_accuracy": 0.916015625, "fast_rcnn/false_negative": 0.9748585795097423, "fast_rcnn/fg_cls_accuracy": 0.0251414204902577, "iteration": 219, "loss_box_reg": 0.32844291627407074, "loss_cls": 0.21906156092882156, "loss_rpn_cls": 0.01792286243289709, "loss_rpn_loc": 0.009649006184190512, "lr": 0.000219031, "roi_head/num_bg_samples": 117.0, "roi_head/num_fg_samples": 11.0, "rpn/num_neg_anchors": 251.5, "rpn/num_pos_anchors": 4.5, "time": 1.0886756364998291, "total_loss": 0.5186564971227199}
