{"data_time": 0.00042546399981802097, "eta_seconds": 62.7649509600451, "fast_rcnn/cls_accuracy": 0.75, "fast_rcnn/false_negative": 1.0, "fast_rcnn/fg_cls_accuracy": 0.0, "iteration": 19, "loss_box_reg": 0.8124216794967651, "loss_cls": 0.6342725455760956, "loss_rpn_cls": 0.1257064901292324, "loss_rpn_loc": 0.012274886015802622, "lr": 0.0038962, "roi_head/num_bg_samples": 6.0, "roi_head/num_fg_samples": 2.0, "rpn/num_neg_anchors": 246.5, "rpn/num_pos_anchors": 9.5, "time": 0.13076031450009395, "total_loss": 1.6643372194375843}
{"data_time": 0.001468869500058645, "eta_seconds": 59.320043819934654, "fast_rcnn/cls_accuracy": 0.75, "fast_rcnn/false_negative": 1.0, "fast_rcnn/fg_cls_accuracy": 0.0, "iteration": 39, "loss_box_reg": 0.9952028095722198, "loss_cls": 0.5102574229240417, "loss_rpn_cls": 0.18888211250305176, "loss_rpn_loc": 0.07287299260497093, "lr": 0.0078922, "roi_head/num_bg_samples": 6.0, "roi_head/num_fg_samples": 2.0, "rpn/num_neg_anchors": 225.0, "rpn/num_pos_anchors": 31.0, "time": 0.12749024800041298, "total_loss": 1.833483114023693}
{"data_time": 0.001393860999996832, "eta_seconds": 56.903750419714925, "fast_rcnn/cls_accuracy": 0.75, "fast_rcnn/false_negative": 1.0, "fast_rcnn/fg_cls_accuracy": 0.0, "iteration": 59, "loss_box_reg": 0.6980065107345581, "loss_cls": 0.5475234985351562, "loss_rpn_cls": 0.43087051808834076, "loss_rpn_loc": 0.04210933856666088, "lr": 0.0118882, "roi_head/num_bg_samples": 6.0, "roi_head/num_fg_samples": 2.0, "rpn/num_neg_anchors": 237.0, "rpn/num_pos_anchors": 19.0, "time": 0.1313754110001355, "total_loss": 1.949397437274456}
{"data_time": 0.0014292749997366627, "eta_seconds": 54.23182505985096, "fast_rcnn/cls_accuracy": 0.75, "fast_rcnn/false_negative": 1.0, "fast_rcnn/fg_cls_accuracy": 0.0, "iteration": 79, "loss_box_reg": 0.7477470934391022, "loss_cls": 0.5499944388866425, "loss_rpn_cls": 0.28582175076007843, "loss_rpn_loc": 0.02912175841629505, "lr": 0.0158842, "roi_head/num_bg_samples": 6.0, "roi_head/num_fg_samples": 2.0, "rpn/num_neg_anchors": 246.0, "rpn/num_pos_anchors": 10.0, "time": 0.12490661849960816, "total_loss": 1.7156065301969647}
{"data_time": 0.0011691290001181187, "eta_seconds": 51.594960799957335, "fast_rcnn/cls_accuracy": 0.875, "fast_rcnn/false_negative": 1.0, "fast_rcnn/fg_cls_accuracy": 0.0, "iteration": 99, "loss_box_reg": 0.17612457647919655, "loss_cls": 0.4919707775115967, "loss_rpn_cls": 0.3517749011516571, "loss_rpn_loc": 0.008834982756525278, "lr": 0.0198802, "roi_head/num_bg_samples": 7.0, "roi_head/num_fg_samples": 1.0, "rpn/num_neg_anchors": 252.0, "rpn/num_pos_anchors": 4.0, "time": 0.12855677900006413, "total_loss": 1.0085983742028475}
{"eta_seconds": 48.9902247200007, "iteration": 119, "rpn/num_neg_anchors": 245.0, "rpn/num_pos_anchors": 11.0}
{"data_time": 0.0013083220001135487, "fast_rcnn/cls_accuracy": 0.75, "fast_rcnn/false_negative": 1.0, "fast_rcnn/fg_cls_accuracy": 0.0, "iteration": 118, "loss_box_reg": 0.6564095914363861, "loss_cls": 0.5598834455013275, "loss_rpn_cls": 0.44852253794670105, "loss_rpn_loc": 0.05087560415267944, "lr": 0.0236764, "roi_head/num_bg_samples": 6.0, "roi_head/num_fg_samples": 2.0, "time": 0.11988046650003525, "total_loss": 1.883972599171102}
