{"data_time": 0.0028576875010912772, "eta_seconds": 178.24168896011543, "fast_rcnn/cls_accuracy": 0.640625, "fast_rcnn/false_negative": 0.5669642857142857, "fast_rcnn/fg_cls_accuracy": 0.4330357142857143, "iteration": 19, "loss_box_reg": 0.7973890900611877, "loss_cls": 0.6546252965927124, "loss_rpn_cls": 0.028545907698571682, "loss_rpn_loc": 0.0067430525086820126, "lr": 3.8962e-06, "roi_head/num_bg_samples": 24.0, "roi_head/num_fg_samples": 8.0, "rpn/num_neg_anchors": 252.5, "rpn/num_pos_anchors": 3.5, "time": 0.37133685200024047, "total_loss": 1.5051977783441544}
{"data_time": 0.0026713355000538286, "eta_seconds": 148.57942937022017, "fast_rcnn/cls_accuracy": 0.671875, "fast_rcnn/false_negative": 0.7512820512820513, "fast_rcnn/fg_cls_accuracy": 0.24871794871794872, "iteration": 39, "loss_box_reg": 0.8940397799015045, "loss_cls": 0.6433392763137817, "loss_rpn_cls": 0.02907479740679264, "loss_rpn_loc": 0.006942389532923698, "lr": 7.8922e-06, "roi_head/num_bg_samples": 24.0, "roi_head/num_fg_samples": 8.0, "rpn/num_neg_anchors": 251.25, "rpn/num_pos_anchors": 4.75, "time": 0.3146323085002223, "total_loss": 1.5908418962499127}
