{"data_time": 0.00043154449986104737, "eta_seconds": 53.20285080000758, "fast_rcnn/cls_accuracy": 0.75, "fast_rcnn/false_negative": 1.0, "fast_rcnn/fg_cls_accuracy": 0.0, "iteration": 19, "loss_box_reg": 0.9081557989120483, "loss_cls": 0.5826588571071625, "loss_rpn_cls": 0.17776916921138763, "loss_rpn_loc": 0.006609502714127302, "lr": 0.0038962, "roi_head/num_bg_samples": 6.0, "roi_head/num_fg_samples": 2.0, "rpn/num_neg_anchors": 248.0, "rpn/num_pos_anchors": 8.0, "time": 0.1108392725000158, "total_loss": 1.6826724391430616}
{"data_time": 0.0016366719996767642, "eta_seconds": 56.77159989003485, "fast_rcnn/cls_accuracy": 0.75, "fast_rcnn/false_negative": 1.0, "fast_rcnn/fg_cls_accuracy": 0.0, "iteration": 39, "loss_box_reg": 0.9949785768985748, "loss_cls": 0.47209107875823975, "loss_rpn_cls": 0.22496379911899567, "loss_rpn_loc": 0.042251091450452805, "lr": 0.0078922, "roi_head/num_bg_samples": 6.0, "roi_head/num_fg_samples": 2.0, "rpn/num_neg_anchors": 239.0, "rpn/num_pos_anchors": 17.0, "time": 0.13719239549982376, "total_loss": 1.7938931863754988}
{"data_time": 0.0011925834996873164, "eta_seconds": 53.03712545986855, "fast_rcnn/cls_accuracy": 0.75, "fast_rcnn/false_negative": 1.0, "fast_rcnn/fg_cls_accuracy": 0.0, "iteration": 59, "loss_box_reg": 0.9606228768825531, "loss_cls": 0.6251382231712341, "loss_rpn_cls": 0.3739440590143204, "loss_rpn_loc": 0.04501241073012352, "lr": 0.0118882, "roi_head/num_bg_samples": 6.0, "roi_head/num_fg_samples": 2.0, "rpn/num_neg_anchors": 240.5, "rpn/num_pos_anchors": 15.5, "time": 0.1176861219996681, "total_loss": 2.1886799675412476}
