{"data_time": 0.0022493189999295282, "eta_seconds": 256.76316282497737, "fast_rcnn/cls_accuracy": 0.205078125, "fast_rcnn/false_negative": 0.29166666666666663, "fast_rcnn/fg_cls_accuracy": 0.7083333333333333, "iteration": 19, "loss_box_reg": 0.31435421109199524, "loss_cls": 0.8018160462379456, "loss_rpn_cls": 0.04822191782295704, "loss_rpn_loc": 0.009579194243997335, "lr": 1.9231e-05, "roi_head/num_bg_samples": 117.0, "roi_head/num_fg_samples": 11.0, "rpn/num_neg_anchors": 250.25, "rpn/num_pos_anchors": 5.75, "time": 1.1163615774999016, "total_loss": 1.2268921644426882}
