{"data_time": 0.0008538490001228638, "eta_seconds": 91.50198503950378, "fast_rcnn/cls_accuracy": 0.5, "fast_rcnn/false_negative": 0.5, "fast_rcnn/fg_cls_accuracy": 0.5, "iteration": 19, "loss_box_reg": 0.6727659404277802, "loss_cls": 0.6941382884979248, "loss_rpn_cls": 0.24011114984750748, "loss_rpn_loc": 0.005024120677262545, "lr": 3.8962e-06, "roi_head/num_bg_samples": 6.0, "roi_head/num_fg_samples": 2.0, "rpn/num_neg_anchors": 252.0, "rpn/num_pos_anchors": 4.0, "time": 0.1906291354989662, "total_loss": 1.6368538849055767}
{"data_time": 0.0012965645000804216, "eta_seconds": 90.55194622036652, "fast_rcnn/cls_accuracy": 0.625, "fast_rcnn/false_negative": 1.0, "fast_rcnn/fg_cls_accuracy": 0.0, "iteration": 39, "loss_box_reg": 1.0521002411842346, "loss_cls": 0.662816047668457, "loss_rpn_cls": 0.13651087135076523, "loss_rpn_loc": 0.01342765660956502, "lr": 7.8922e-06, "roi_head/num_bg_samples": 6.0, "roi_head/num_fg_samples": 2.0, "rpn/num_neg_anchors": 243.0, "rpn/num_pos_anchors": 13.0, "time": 0.20187948550119472, "total_loss": 1.9676037398166955}
{"data_time": 0.0013574689983215649, "eta_seconds": 88.80119797999214, "fast_rcnn/cls_accuracy": 0.625, "fast_rcnn/false_negative": 1.0, "fast_rcnn/fg_cls_accuracy": 0.0, "iteration": 59, "loss_box_reg": 0.9693941473960876, "loss_cls": 0.6349493265151978, "loss_rpn_cls": 0.17624594271183014, "loss_rpn_loc": 0.009072383400052786, "lr": 1.1888199999999999e-05, "roi_head/num_bg_samples": 6.0, "roi_head/num_fg_samples": 2.0, "rpn/num_neg_anchors": 252.0, "rpn/num_pos_anchors": 4.0, "time": 0.2045884399994975, "total_loss": 1.785310935229063}
{"data_time": 0.0013725450007768814, "eta_seconds": 83.95020879001095, "fast_rcnn/cls_accuracy": 0.75, "fast_rcnn/false_negative": 1.0, "fast_rcnn/fg_cls_accuracy": 0.0, "iteration": 79, "loss_box_reg": 0.8608048260211945, "loss_cls": 0.5977595448493958, "loss_rpn_cls": 0.19246695935726166, "loss_rpn_loc": 0.009477065643295646, "lr": 1.5884200000000003e-05, "roi_head/num_bg_samples": 6.0, "roi_head/num_fg_samples": 2.0, "rpn/num_neg_anchors": 247.0, "rpn/num_pos_anchors": 9.0, "time": 0.19011655549911666, "total_loss": 1.8006883279886097}
{"data_time": 0.0012102780001441715, "eta_seconds": 80.72836179999285, "fast_rcnn/cls_accuracy": 0.75, "fast_rcnn/false_negative": 1.0, "fast_rcnn/fg_cls_accuracy": 0.0, "iteration": 99, "loss_box_reg": 1.0033475160598755, "loss_cls": 0.5521446168422699, "loss_rpn_cls": 0.14702044427394867, "loss_rpn_loc": 0.017174994572997093, "lr": 1.9880200000000003e-05, "roi_head/num_bg_samples": 6.0, "roi_head/num_fg_samples": 2.0, "rpn/num_neg_anchors": 243.0, "rpn/num_pos_anchors": 13.0, "time": 0.20524179749918403, "total_loss": 1.7982977153733373}
{"data_time": 0.0012831884996558074, "eta_seconds": 77.15862665008899, "fast_rcnn/cls_accuracy": 0.75, "fast_rcnn/false_negative": 1.0, "fast_rcnn/fg_cls_accuracy": 0.0, "iteration": 119, "loss_box_reg": 0.8034974038600922, "loss_cls": 0.5147083401679993, "loss_rpn_cls": 0.09946789965033531, "loss_rpn_loc": 0.007990962825715542, "lr": 2.38762e-05, "roi_head/num_bg_samples": 6.0, "roi_head/num_fg_samples": 2.0, "rpn/num_neg_anchors": 250.0, "rpn/num_pos_anchors": 6.0, "time": 0.20808404799936397, "total_loss": 1.5219598496332765}
{"data_time": 0.0012859340004069963, "eta_seconds": 73.02817656076513, "fast_rcnn/cls_accuracy": 0.75, "fast_rcnn/false_negative": 1.0, "fast_rcnn/fg_cls_accuracy": 0.0, "iteration": 139, "loss_box_reg": 1.0547906160354614, "loss_cls": 0.5082766711711884, "loss_rpn_cls": 0.14549842476844788, "loss_rpn_loc": 0.011282403487712145, "lr": 2.7872200000000004e-05, "roi_head/num_bg_samples": 6.0, "roi_head/num_fg_samples": 2.0, "rpn/num_neg_anchors": 244.0, "rpn/num_pos_anchors": 12.0, "time": 0.20280762700167543, "total_loss": 1.8023498919792473}
{"data_time": 0.0013676749986188952, "eta_seconds": 69.65966545994888, "fast_rcnn/cls_accuracy": 0.75, "fast_rcnn/false_negative": 1.0, "fast_rcnn/fg_cls_accuracy": 0.0, "iteration": 159, "loss_box_reg": 0.7772375643253326, "loss_cls": 0.5168759226799011, "loss_rpn_cls": 0.2004701867699623, "loss_rpn_loc": 0.0065750619396567345, "lr": 3.18682e-05, "roi_head/num_bg_samples": 6.0, "roi_head/num_fg_samples": 2.0, "rpn/num_neg_anchors": 251.5, "rpn/num_pos_anchors": 4.5, "time": 0.22009020799850987, "total_loss": 1.455073238350451}
{"data_time": 0.0014165954999043606, "eta_seconds": 65.78676687960979, "fast_rcnn/cls_accuracy": 0.75, "fast_rcnn/false_negative": 1.0, "fast_rcnn/fg_cls_accuracy": 0.0, "iteration": 179, "loss_box_reg": 0.8410025537014008, "loss_cls": 0.48731179535388947, "loss_rpn_cls": 0.11199554055929184, "loss_rpn_loc": 0.013566842768341303, "lr": 3.5864199999999995e-05, "roi_head/num_bg_samples": 6.0, "roi_head/num_fg_samples": 2.0, "rpn/num_neg_anchors": 249.0, "rpn/num_pos_anchors": 7.0, "time": 0.22935623200100963, "total_loss": 1.4657716398360208}
{"data_time": 0.0013637494994327426, "eta_seconds": 61.75872825042461, "fast_rcnn/cls_accuracy": 0.75, "fast_rcnn/false_negative": 1.0, "fast_rcnn/fg_cls_accuracy": 0.0, "iteration": 199, "loss_box_reg": 0.8927363753318787, "loss_cls": 0.4824119806289673, "loss_rpn_cls": 0.14530713856220245, "loss_rpn_loc": 0.010425358079373837, "lr": 3.98602e-05, "roi_head/num_bg_samples": 6.0, "roi_head/num_fg_samples": 2.0, "rpn/num_neg_anchors": 246.0, "rpn/num_pos_anchors": 10.0, "time": 0.2142321904993878, "total_loss": 1.493946498259902}
{"data_time": 0.0014674354988528648, "eta_seconds": 57.877850519580534, "fast_rcnn/cls_accuracy": 0.75, "fast_rcnn/false_negative": 1.0, "fast_rcnn/fg_cls_accuracy": 0.0, "iteration": 219, "loss_box_reg": 0.9634540379047394, "loss_cls": 0.47419819235801697, "loss_rpn_cls": 0.1161310002207756, "loss_rpn_loc": 0.008971716510131955, "lr": 4.38562e-05, "roi_head/num_bg_samples": 6.0, "roi_head/num_fg_samples": 2.0, "rpn/num_neg_anchors": 249.0, "rpn/num_pos_anchors": 7.0, "time": 0.21437397750014497, "total_loss": 1.5747438883408904}
{"data_time": 0.0014431054987653624, "eta_seconds": 54.75966613015771, "fast_rcnn/cls_accuracy": 0.75, "fast_rcnn/false_negative": 1.0, "fast_rcnn/fg_cls_accuracy": 0.0, "iteration": 239, "loss_box_reg": 0.7788452208042145, "loss_cls": 0.46215489506721497, "loss_rpn_cls": 0.14142487943172455, "loss_rpn_loc": 0.011794996447861195, "lr": 4.78522e-05, "roi_head/num_bg_samples": 6.0, "roi_head/num_fg_samples": 2.0, "rpn/num_neg_anchors": 252.0, "rpn/num_pos_anchors": 4.0, "time": 0.24617484950067592, "total_loss": 1.4480332664970774}
{"data_time": 0.0013949604999652365, "eta_seconds": 50.838477479992434, "fast_rcnn/cls_accuracy": 0.75, "fast_rcnn/false_negative": 1.0, "fast_rcnn/fg_cls_accuracy": 0.0, "iteration": 259, "loss_box_reg": 0.8830380141735077, "loss_cls": 0.4626431167125702, "loss_rpn_cls": 0.10636589676141739, "loss_rpn_loc": 0.02216909546405077, "lr": 5.18482e-05, "roi_head/num_bg_samples": 6.0, "roi_head/num_fg_samples": 2.0, "rpn/num_neg_anchors": 244.0, "rpn/num_pos_anchors": 12.0, "time": 0.2205080244984856, "total_loss": 1.5336301568895578}
{"data_time": 0.0014030450001882855, "eta_seconds": 46.78303025011701, "fast_rcnn/cls_accuracy": 0.75, "fast_rcnn/false_negative": 1.0, "fast_rcnn/fg_cls_accuracy": 0.0, "iteration": 279, "loss_box_reg": 1.005593717098236, "loss_cls": 0.408661812543869, "loss_rpn_cls": 0.11597643792629242, "loss_rpn_loc": 0.03092950861901045, "lr": 5.584420000000001e-05, "roi_head/num_bg_samples": 6.0, "roi_head/num_fg_samples": 2.0, "rpn/num_neg_anchors": 238.5, "rpn/num_pos_anchors": 17.5, "time": 0.23910482449900883, "total_loss": 1.6493270979262888}
{"data_time": 0.0014285860015661456, "eta_seconds": 42.8187571997114, "fast_rcnn/cls_accuracy": 0.75, "fast_rcnn/false_negative": 1.0, "fast_rcnn/fg_cls_accuracy": 0.0, "iteration": 299, "loss_box_reg": 1.0155673623085022, "loss_cls": 0.4579467624425888, "loss_rpn_cls": 0.17402751743793488, "loss_rpn_loc": 0.027449674904346466, "lr": 5.9840200000000003e-05, "roi_head/num_bg_samples": 6.0, "roi_head/num_fg_samples": 2.0, "rpn/num_neg_anchors": 243.0,