{"data_time": 0.0027495649992488325, "eta_seconds": 480.2560600801371, "fast_rcnn/cls_accuracy": 0.421875, "fast_rcnn/false_negative": 0.3333333333333333, "fast_rcnn/fg_cls_accuracy": 0.6666666666666666, "iteration": 19, "loss_box_reg": 0.29257670044898987, "loss_cls": 0.7268598973751068, "loss_rpn_cls": 0.04584203474223614, "loss_rpn_loc": 0.0056206099689006805, "lr": 9.7405e-06, "roi_head/num_bg_samples": 117.5, "roi_head/num_fg_samples": 10.5, "rpn/num_neg_anchors": 251.75, "rpn/num_pos_anchors": 4.25, "time": 1.0005334585002856, "total_loss": 1.094875117065385}
{"data_time": 0.0023827305049053393, "eta_seconds": 474.1716680394893, "fast_rcnn/cls_accuracy": 0.810546875, "fast_rcnn/false_negative": 0.7136363636363636, "fast_rcnn/fg_cls_accuracy": 0.2863636363636364, "iteration": 39, "loss_box_reg": 0.2746955454349518, "loss_cls": 0.603583425283432, "loss_rpn_cls": 0.04406397230923176, "loss_rpn_loc": 0.007328280946239829, "lr": 1.97305e-05, "roi_head/num_bg_samples": 118.75, "roi_head/num_fg_samples": 9.25, "rpn/num_neg_anchors": 251.25, "rpn/num_pos_anchors": 4.75, "time": 1.0423154734999116, "total_loss": 0.9375297739170492}
{"data_time": 0.0022949489975871984, "eta_seconds": 446.97839274056605, "fast_rcnn/cls_accuracy": 0.91015625, "fast_rcnn/false_negative": 1.0, "fast_rcnn/fg_cls_accuracy": 0.0, "iteration": 59, "loss_box_reg": 0.31223568320274353, "loss_cls": 0.4493017643690109, "loss_rpn_cls": 0.036128707230091095, "loss_rpn_loc": 0.007988553494215012, "lr": 2.9720499999999998e-05, "roi_head/num_bg_samples": 117.5, "roi_head/num_fg_samples": 10.5, "rpn/num_neg_anchors": 251.75, "rpn/num_pos_anchors": 4.25, "time": 0.968798482499551, "total_loss": 0.8198880283161998}
{"data_time": 0.0025328875017294195, "eta_seconds": 428.2565458512545, "fast_rcnn/cls_accuracy": 0.900390625, "fast_rcnn/false_negative": 1.0, "fast_rcnn/fg_cls_accuracy": 0.0, "iteration": 79, "loss_box_reg": 0.37891536951065063, "loss_cls": 0.3501223772764206, "loss_rpn_cls": 0.012674893252551556, "loss_rpn_loc": 0.007670770399272442, "lr": 3.9710500000000005e-05, "roi_head/num_bg_samples": 115.25, "roi_head/num_fg_samples": 12.75, "rpn/num_neg_anchors": 251.75, "rpn/num_pos_anchors": 4.25, "time": 1.0815710245042283, "total_loss": 0.7463006904581562}
