{"data_time": 0.0022578255002372316, "eta_seconds": 263.42584767504377, "fast_rcnn/cls_accuracy": 0.83203125, "fast_rcnn/false_negative": 1.0, "fast_rcnn/fg_cls_accuracy": 0.0, "iteration": 19, "loss_box_reg": 0.4040021449327469, "loss_cls": 0.5641954243183136, "loss_rpn_cls": 0.015174644999206066, "loss_rpn_loc": 0.010738587938249111, "lr": 1.9231e-05, "roi_head/num_bg_samples": 115.5, "roi_head/num_fg_samples": 12.5, "rpn/num_neg_anchors": 250.5, "rpn/num_pos_anchors": 5.5, "time": 1.1453297725001903, "total_loss": 1.0348275592550635}
{"data_time": 0.003017994999936491, "eta_seconds": 227.78666137488017, "fast_rcnn/cls_accuracy": 0.900390625, "fast_rcnn/false_negative": 1.0, "fast_rcnn/fg_cls_accuracy": 0.0, "iteration": 39, "loss_box_reg": 0.36825934052467346, "loss_cls": 0.4347027987241745, "loss_rpn_cls": 0.023806994780898094, "loss_rpn_loc": 0.005458259489387274, "lr": 3.9211e-05, "roi_head/num_bg_samples": 115.5, "roi_head/num_fg_samples": 12.5, "rpn/num_neg_anchors": 252.5, "rpn/num_pos_anchors": 3.5, "time": 1.0239262004997727, "total_loss": 0.8840265450999141}
