{"data_time": 0.0012495310002123006, "eta_seconds": 197.00667792116292, "fast_rcnn/cls_accuracy": 0.75, "fast_rcnn/false_negative": 1.0, "fast_rcnn/fg_cls_accuracy": 0.0, "iteration": 19, "loss_box_reg": 0.785807728767395, "loss_cls": 0.6074672639369965, "loss_rpn_cls": 0.0021786741563118994, "loss_rpn_loc": 0.004537011031061411, "lr": 3.8962e-06, "roi_head/num_bg_samples": 6.0, "roi_head/num_fg_samples": 2.0, "rpn/num_neg_anchors": 252.5, "rpn/num_pos_anchors": 3.5, "time": 0.41043057900242275, "total_loss": 1.4534373563947156}
{"data_time": 0.0012735469990730053, "eta_seconds": 183.1864166305968, "fast_rcnn/cls_accuracy": 0.75, "fast_rcnn/false_negative": 1.0, "fast_rcnn/fg_cls_accuracy": 0.0, "iteration": 39, "loss_box_reg": 1.1027634143829346, "loss_cls": 0.5936124622821808, "loss_rpn_cls": 0.02315307781100273, "loss_rpn_loc": 0.004791374318301678, "lr": 7.8922e-06, "roi_head/num_bg_samples": 6.0, "roi_head/num_fg_samples": 2.0, "rpn/num_neg_anchors": 252.0, "rpn/num_pos_anchors": 4.0, "time": 0.38899705699986953, "total_loss": 1.720099657366518}
{"data_time": 0.0013236225004220614, "eta_seconds": 172.42699936017743, "fast_rcnn/cls_accuracy": 0.75, "fast_rcnn/false_negative": 1.0, "fast_rcnn/fg_cls_accuracy": 0.0, "iteration": 59, "loss_box_reg": 0.9438756108283997, "loss_cls": 0.5686842203140259, "loss_rpn_cls": 0.011622638441622257, "loss_rpn_loc": 0.007147902389988303, "lr": 1.1888199999999999e-05, "roi_head/num_bg_samples": 6.0, "roi_head/num_fg_samples": 2.0, "rpn/num_neg_anchors": 251.5, "rpn/num_pos_anchors": 4.5, "time": 0.39187954400040326, "total_loss": 1.5491734022507444}
{"data_time": 0.001286696999159176, "eta_seconds": 168.21713180943334, "fast_rcnn/cls_accuracy": 0.75, "fast_rcnn/false_negative": 1.0, "fast_rcnn/fg_cls_accuracy": 0.0, "iteration": 79, "loss_box_reg": 0.680796205997467, "loss_cls": 0.5569933950901031, "loss_rpn_cls": 0.032587818801403046, "loss_rpn_loc": 0.0064500493463128805, "lr": 1.5884200000000003e-05, "roi_head/num_bg_samples": 6.0, "roi_head/num_fg_samples": 2.0, "rpn/num_neg_anchors": 252.0, "rpn/num_pos_anchors": 4.0, "time": 0.4104886959994474, "total_loss": 1.2435530129478138}
{"data_time": 0.0012700669994956115, "eta_seconds": 159.85990299959667, "fast_rcnn/cls_accuracy": 0.75, "fast_rcnn/false_negative": 1.0, "fast_rcnn/fg_cls_accuracy": 0.0, "iteration": 99, "loss_box_reg": 0.9853673577308655, "loss_cls": 0.5108510553836823, "loss_rpn_cls": 0.011388647370040417, "loss_rpn_loc": 0.0055785514414310455, "lr": 1.9880200000000003e-05, "roi_head/num_bg_samples": 6.0, "roi_head/num_fg_samples": 2.0, "rpn/num_neg_anchors": 252.0, "rpn/num_pos_anchors": 4.0, "time": 0.3977030139994895, "total_loss": 1.5110711377346888}
{"data_time": 0.0013124575016263407, "eta_seconds": 155.01063835072273, "fast_rcnn/cls_accuracy": 0.75, "fast_rcnn/false_negative": 1.0, "fast_rcnn/fg_cls_accuracy": 0.0, "iteration": 119, "loss_box_reg": 1.0433200597763062, "loss_cls": 0.5447684228420258, "loss_rpn_cls": 0.0244599012658, "loss_rpn_loc": 0.007454567588865757, "lr": 2.38762e-05, "roi_head/num_bg_samples": 6.0, "roi_head/num_fg_samples": 2.0, "rpn/num_neg_anchors": 252.0, "rpn/num_pos_anchors": 4.0, "time": 0.4401944415003527, "total_loss": 1.5645718119340017}
{"data_time": 0.0012873370014858665, "eta_seconds": 148.3436979001999, "fast_rcnn/cls_accuracy": 0.75, "fast_rcnn/false_negative": 1.0, "fast_rcnn/fg_cls_accuracy": 0.0, "iteration": 139, "loss_box_reg": 0.8078843355178833, "loss_cls": 0.5104151964187622, "loss_rpn_cls": 0.017871789634227753, "loss_rpn_loc": 0.007028613239526749, "lr": 2.7872200000000004e-05, "roi_head/num_bg_samples": 6.0, "roi_head/num_fg_samples": 2.0, "rpn/num_neg_anchors": 252.0, "rpn/num_pos_anchors": 4.0, "time": 0.4200633814998582, "total_loss": 1.3501503941661213}
{"data_time": 0.0012883870003861375, "eta_seconds": 137.19812820989318, "fast_rcnn/cls_accuracy": 0.75, "fast_rcnn/false_negative": 1.0, "fast_rcnn/fg_cls_accuracy": 0.0, "iteration": 159, "loss_box_reg": 0.8006709516048431, "loss_cls": 0.5119406878948212, "loss_rpn_cls": 0.007657549576833844, "loss_rpn_loc": 0.00595584069378674, "lr": 3.18682e-05, "roi_head/num_bg_samples": 6.0, "roi_head/num_fg_samples": 2.0, "rpn/num_neg_anchors": 252.0, "rpn/num_pos_anchors": 4.0, "time": 0.38312556149867305, "total_loss": 1.2995881856186315}
{"data_time": 0.0013242630011518486, "eta_seconds": 130.5352744006086, "fast_rcnn/cls_accuracy": 0.75, "fast_rcnn/false_negative": 1.0, "fast_rcnn/fg_cls_accuracy": 0.0, "iteration": 179, "loss_box_reg": 0.756941556930542, "loss_cls": 0.4579349160194397, "loss_rpn_cls": 0.007158517139032483, "loss_rpn_loc": 0.008101599989458919, "lr": 3.5864199999999995e-05, "roi_head/num_bg_samples": 6.0, "roi_head/num_fg_samples": 2.0, "rpn/num_neg_anchors": 252.0, "rpn/num_pos_anchors": 4.0, "time": 0.4169766105005692, "total_loss": 1.259435232845135}
{"data_time": 0.0013310325011843815, "eta_seconds": 123.165019049884, "fast_rcnn/cls_accuracy": 0.75, "fast_rcnn/false_negative": 1.0, "fast_rcnn/fg_cls_accuracy": 0.0, "iteration": 199, "loss_box_reg": 0.8998992145061493, "loss_cls": 0.49178628623485565, "loss_rpn_cls": 0.008457508403807878, "loss_rpn_loc": 0.005222543375566602, "lr": 3.98602e-05, "roi_head/num_bg_samples": 6.0, "roi_head/num_fg_samples": 2.0, "rpn/num_neg_anchors": 252.0, "rpn/num_pos_anchors": 4.0, "time": 0.4184202805008681, "total_loss": 1.4223948031140026}
{"data_time": 0.0012754719991789898, "eta_seconds": 115.74737776034453, "fast_rcnn/cls_accuracy": 0.75, "fast_rcnn/false_negative": 1.0, "fast_rcnn/fg_cls_accuracy": 0.0, "iteration": 219, "loss_box_reg": 0.8744988143444061, "loss_cls": 0.46673741936683655, "loss_rpn_cls": 0.004518118686974049, "loss_rpn_loc": 0.007008317392319441, "lr": 4.38562e-05, "roi_head/num_bg_samples": 6.0, "roi_head/num_fg_samples": 2.0, "rpn/num_neg_anchors": 252.0, "rpn/num_pos_anchors": 4.0, "time": 0.42709097349870717, "total_loss": 1.4716797068176675}
{"data_time": 0.0012868819994764635, "eta_seconds": 107.9305363502499, "fast_rcnn/cls_accuracy": 0.75, "fast_rcnn/false_negative": 1.0, "fast_rcnn/fg_cls_accuracy": 0.0, "iteration": 239, "loss_box_reg": 0.9129778444766998, "loss_cls": 0.4773569405078888, "loss_rpn_cls": 0.007591591216623783, "loss_rpn_loc": 0.004107277607545257, "lr": 4.78522e-05, "roi_head/num_bg_samples": 6.0, "roi_head/num_fg_samples": 2.0, "rpn/num_neg_anchors": 252.5, "rpn/num_pos_anchors": 3.5, "time": 0.4421460814992315, "total_loss": 1.4169295108877122}
{"data_time": 0.0013508180018106941, "eta_seconds": 99.91435667965561, "fast_rcnn/cls_accuracy": 0.75, "fast_rcnn/false_negative": 1.0, "fast_rcnn/fg_cls_accuracy": 0.0, "iteration": 259, "loss_box_reg": 0.7964592576026917, "loss_cls": 0.4591587632894516, "loss_rpn_cls": 0.019874933175742626, "loss_rpn_loc": 0.002923457883298397, "lr": 5.18482e-05, "roi_head/num_bg_samples": 6.0, "roi_head/num_fg_samples": 2.0, "rpn/num_neg_anchors": 252.5, "rpn/num_pos_anchors": 3.5, "time": 0.43148374799966405, "total_loss": 1.2410297189489938}
{"data_time": 0.0012842765008826973, "eta_seconds": 91.53904111000884, "fast_rcnn/cls_accuracy": 0.75, "fast_rcnn/false_negative": 1.0, "fast_rcnn/fg_cls_accuracy": 0.0, "iteration": 279, "loss_box_reg": 0.8634476661682129, "loss_cls": 0.4115675538778305, "loss_rpn_cls": 0.0065229826141148806, "loss_rpn_loc": 0.004905148642137647, "lr": 5.584420000000001e-05, "roi_head/num_bg_samples": 6.0, "roi_head/num_fg_samples": 2.0, "rpn/num_neg_anchors": 252.0, "rpn/num_pos_anchors": 4.0, "time": 0.38590061149989197, "total_loss": 1.2777994773350656}
{"data_time": 0.0012756619998981478, "eta_seconds": 83.36349139972299, "fast_rcnn/cls_accuracy": 0.75, "fast_rcnn/false_negative": 1.0, "fast_rcnn/fg_cls_accuracy": 0.0, "iteration": 299, "loss_box_reg": 0.7894503474235535, "loss_cls": 0.41187408566474915, "loss_rpn_cls": 0.03193151857703924, "loss_rpn_loc": 0.006042515859007835, "lr": 5.9840200000000003e-05, "roi_head/num_bg_samples": 6.0, "roi_head/num_fg_samples": 2.0,