{"data_time": 0.0008105375018203631, "eta_seconds": 99.92797056067502, "fast_rcnn/cls_accuracy": 0.375, "fast_rcnn/false_negative": 0.0, "fast_rcnn/fg_cls_accuracy": 1.0, "iteration": 19, "loss_box_reg": 1.0323665142059326, "loss_cls": 0.733681321144104, "loss_rpn_cls": 0.16946857422590256, "loss_rpn_loc": 0.01910199597477913, "lr": 3.8962e-06, "roi_head/num_bg_samples": 6.0, "roi_head/num_fg_samples": 2.0, "rpn/num_neg_anchors": 245.0, "rpn/num_pos_anchors": 11.0, "time": 0.2081832720014063, "total_loss": 1.9871778895612806}
{"data_time": 0.0014155765002215048, "eta_seconds": 96.77486693064566, "fast_rcnn/cls_accuracy": 0.375, "fast_rcnn/false_negative": 0.0, "fast_rcnn/fg_cls_accuracy": 1.0, "iteration": 39, "loss_box_reg": 0.9083612561225891, "loss_cls": 0.7351537048816681, "loss_rpn_cls": 0.20390168577432632, "loss_rpn_loc": 0.00920517137274146, "lr": 7.8922e-06, "roi_head/num_bg_samples": 6.0, "roi_head/num_fg_samples": 2.0, "rpn/num_neg_anchors": 244.5, "rpn/num_pos_anchors": 11.5, "time": 0.21146032149954408, "total_loss": 1.887462883722037}
{"data_time": 0.0014212414989742683, "eta_seconds": 89.11252965939639, "fast_rcnn/cls_accuracy": 0.6875, "fast_rcnn/false_negative": 0.0, "fast_rcnn/fg_cls_accuracy": 1.0, "iteration": 59, "loss_box_reg": 0.9722301661968231, "loss_cls": 0.6513771414756775, "loss_rpn_cls": 0.1672954484820366, "loss_rpn_loc": 0.02669706381857395, "lr": 1.1888199999999999e-05, "roi_head/num_bg_samples": 6.0, "roi_head/num_fg_samples": 2.0, "rpn/num_neg_anchors": 242.5, "rpn/num_pos_anchors": 13.5, "time": 0.19316224300018803, "total_loss": 1.8214467293582857}
{"data_time": 0.0012977445003343746, "eta_seconds": 83.5360430099172, "fast_rcnn/cls_accuracy": 0.75, "fast_rcnn/false_negative": 1.0, "fast_rcnn/fg_cls_accuracy": 0.0, "iteration": 79, "loss_box_reg": 0.9863278865814209, "loss_cls": 0.5916427969932556, "loss_rpn_cls": 0.17532657086849213, "loss_rpn_loc": 0.007743084570392966, "lr": 1.5884200000000003e-05, "roi_head/num_bg_samples": 6.0, "roi_head/num_fg_samples": 2.0, "rpn/num_neg_anchors": 246.5, "rpn/num_pos_anchors": 9.5, "time": 0.19572930249887577, "total_loss": 1.771850002114661}
{"data_time": 0.0012455140004021814, "eta_seconds": 80.2655789993878, "fast_rcnn/cls_accuracy": 0.75, "fast_rcnn/false_negative": 1.0, "fast_rcnn/fg_cls_accuracy": 0.0, "iteration": 99, "loss_box_reg": 1.0377257466316223, "loss_cls": 0.5337809920310974, "loss_rpn_cls": 0.1351671852171421, "loss_rpn_loc": 0.054594386368989944, "lr": 1.9880200000000003e-05, "roi_head/num_bg_samples": 6.0, "roi_head/num_fg_samples": 2.0, "rpn/num_neg_anchors": 220.0, "rpn/num_pos_anchors": 36.0, "time": 0.21573583600184065, "total_loss": 1.7863266339991242}
{"data_time": 0.0012851994997618021, "eta_seconds": 77.57435899977281, "fast_rcnn/cls_accuracy": 0.75, "fast_rcnn/false_negative": 1.0, "fast_rcnn/fg_cls_accuracy": 0.0, "iteration": 119, "loss_box_reg": 1.0456138253211975, "loss_cls": 0.5170721709728241, "loss_rpn_cls": 0.13541031628847122, "loss_rpn_loc": 0.00747114303521812, "lr": 2.38762e-05, "roi_head/num_bg_samples": 6.0, "roi_head/num_fg_samples": 2.0, "rpn/num_neg_anchors": 244.0, "rpn/num_pos_anchors": 12.0, "time": 0.21576535149870324, "total_loss": 1.7806513450923376}
{"data_time": 0.0012907545005873544, "eta_seconds": 74.98799748027523, "fast_rcnn/cls_accuracy": 0.75, "fast_rcnn/false_negative": 1.0, "fast_rcnn/fg_cls_accuracy": 0.0, "iteration": 139, "loss_box_reg": 0.8998258411884308, "loss_cls": 0.4799453914165497, "loss_rpn_cls": 0.1613752543926239, "loss_rpn_loc": 0.01091850083321333, "lr": 2.7872200000000004e-05, "roi_head/num_bg_samples": 6.0, "roi_head/num_fg_samples": 2.0, "rpn/num_neg_anchors": 250.5, "rpn/num_pos_anchors": 5.5, "time": 0.21024000200122828, "total_loss": 1.698574067442678}
{"data_time": 0.001237784001205, "eta_seconds": 70.82199762025994, "fast_rcnn/cls_accuracy": 0.75, "fast_rcnn/false_negative": 1.0, "fast_rcnn/fg_cls_accuracy": 0.0, "iteration": 159, "loss_box_reg": 0.8547536730766296, "loss_cls": 0.45751865208148956, "loss_rpn_cls": 0.14633836597204208, "loss_rpn_loc": 0.030490154400467873, "lr": 3.18682e-05, "roi_head/num_bg_samples": 6.0, "roi_head/num_fg_samples": 2.0, "rpn/num_neg_anchors": 237.5, "rpn/num_pos_anchors": 18.5, "time": 0.2088192600003822, "total_loss": 1.5539926664205268}
{"data_time": 0.00130764499954239, "eta_seconds": 67.07171119982377, "fast_rcnn/cls_accuracy": 0.75, "fast_rcnn/false_negative": 1.0, "fast_rcnn/fg_cls_accuracy": 0.0, "iteration": 179, "loss_box_reg": 0.8223077356815338, "loss_cls": 0.46394941210746765, "loss_rpn_cls": 0.1968512311577797, "loss_rpn_loc": 0.004606793634593487, "lr": 3.5864199999999995e-05, "roi_head/num_bg_samples": 6.0, "roi_head/num_fg_samples": 2.0, "rpn/num_neg_anchors": 254.5, "rpn/num_pos_anchors": 1.5, "time": 0.21187676150111656, "total_loss": 1.749909594655037}
{"data_time": 0.0013191800007916754, "eta_seconds": 62.974283100083994, "fast_rcnn/cls_accuracy": 0.75, "fast_rcnn/false_negative": 1.0, "fast_rcnn/fg_cls_accuracy": 0.0, "iteration": 199, "loss_box_reg": 0.8221307992935181, "loss_cls": 0.4595077633857727, "loss_rpn_cls": 0.1569768562912941, "loss_rpn_loc": 0.013915523886680603, "lr": 3.98602e-05, "roi_head/num_bg_samples": 6.0, "roi_head/num_fg_samples": 2.0, "rpn/num_neg_anchors": 246.5, "rpn/num_pos_anchors": 9.5, "time": 0.2146841179983312, "total_loss": 1.5424638678086922}
{"data_time": 0.001320549999945797, "eta_seconds": 58.775997560078395, "fast_rcnn/cls_accuracy": 0.75, "fast_rcnn/false_negative": 1.0, "fast_rcnn/fg_cls_accuracy": 0.0, "iteration": 219, "loss_box_reg": 0.8932363986968994, "loss_cls": 0.464733749628067, "loss_rpn_cls": 0.1733541488647461, "loss_rpn_loc": 0.008258374407887459, "lr": 4.38562e-05, "roi_head/num_bg_samples": 6.0, "roi_head/num_fg_samples": 2.0, "rpn/num_neg_anchors": 252.0, "rpn/num_pos_anchors": 4.0, "time": 0.20886174949919223, "total_loss": 1.6509347506798804}
{"data_time": 0.0013186599971959367, "eta_seconds": 54.69015474038315, "fast_rcnn/cls_accuracy": 0.75, "fast_rcnn/false_negative": 1.0, "fast_rcnn/fg_cls_accuracy": 0.0, "iteration": 239, "loss_box_reg": 0.8496691286563873, "loss_cls": 0.4491293579339981, "loss_rpn_cls": 0.09595552831888199, "loss_rpn_loc": 0.01150813652202487, "lr": 4.78522e-05, "roi_head/num_bg_samples": 6.0, "roi_head/num_fg_samples": 2.0, "rpn/num_neg_anchors": 244.5, "rpn/num_pos_anchors": 11.5, "time": 0.21380363949901948, "total_loss": 1.4493856416083872}
{"data_time": 0.0013348755001061363, "eta_seconds": 50.499172920535784, "fast_rcnn/cls_accuracy": 0.75, "fast_rcnn/false_negative": 1.0, "fast_rcnn/fg_cls_accuracy": 0.0, "iteration": 259, "loss_box_reg": 0.9416258335113525, "loss_cls": 0.4247193783521652, "loss_rpn_cls": 0.10183686763048172, "loss_rpn_loc": 0.01061475882306695, "lr": 5.18482e-05, "roi_head/num_bg_samples": 6.0, "roi_head/num_fg_samples": 2.0, "rpn/num_neg_anchors": 245.0, "rpn/num_pos_anchors": 11.0, "time": 0.2205811325002287, "total_loss": 1.6199508383870125}
{"data_time": 0.001550563501950819, "eta_seconds": 46.41673794998496, "fast_rcnn/cls_accuracy": 0.75, "fast_rcnn/false_negative": 1.0, "fast_rcnn/fg_cls_accuracy": 0.0, "iteration": 279, "loss_box_reg": 0.8682349920272827, "loss_cls": 0.3629431277513504, "loss_rpn_cls": 0.07218601554632187, "loss_rpn_loc": 0.03205662965774536, "lr": 5.584420000000001e-05, "roi_head/num_bg_samples": 6.0, "roi_head/num_fg_samples": 2.0, "rpn/num_neg_anchors": 236.0, "rpn/num_pos_anchors": 20.0, "time": 0.22652519699840923, "total_loss": 1.3639778548385948}
{"data_time": 0.0013668510000570677, "eta_seconds": 42.251759200007655, "fast_rcnn/cls_accuracy": 0.75, "fast_rcnn/false_negative": 1.0, "fast_rcnn/fg_cls_accuracy": 0.0, "iteration": 299, "loss_box_reg": 0.9687972068786621, "loss_cls": 0.438683420419693, "loss_rpn_cls": 0.11835329234600067, "loss_rpn_loc": 0.0351910013705492, "lr": 5.9840200000000003e-05, "roi_head/num_bg_samples": 6.0, "roi_head/num_fg_samples": 2.0, "rpn/num_neg_anchors": 240.5,