{"data_time": 0.001277726001717383, "eta_seconds": 205.85659488046076, "fast_rcnn/cls_accuracy": 0.421875, "fast_rcnn/false_negative": 0.625, "fast_rcnn/fg_cls_accuracy": 0.375, "iteration": 19, "loss_box_reg": 0.8796446025371552, "loss_cls": 0.7236931920051575, "loss_rpn_cls": 0.0016850627725943923, "loss_rpn_loc": 0.005186675349250436, "lr": 3.8962e-06, "roi_head/num_bg_samples": 24.0, "roi_head/num_fg_samples": 8.0, "rpn/num_neg_anchors": 252.0, "rpn/num_pos_anchors": 4.0, "time": 0.4288679060009599, "total_loss": 1.6064598916564137}
{"data_time": 0.0013283014995977283, "eta_seconds": 192.47925935211242, "fast_rcnn/cls_accuracy": 0.59375, "fast_rcnn/false_negative": 0.8125, "fast_rcnn/fg_cls_accuracy": 0.1875, "iteration": 39, "loss_box_reg": 0.9048788547515869, "loss_cls": 0.684117317199707, "loss_rpn_cls": 0.015346329659223557, "loss_rpn_loc": 0.005589193664491177, "lr": 7.8922e-06, "roi_head/num_bg_samples": 24.0, "roi_head/num_fg_samples": 8.0, "rpn/num_neg_anchors": 252.0, "rpn/num_pos_anchors": 4.0, "time": 0.41366527800346375, "total_loss": 1.675941837427672}
{"data_time": 0.0012988359994778875, "eta_seconds": 182.01272232152405, "fast_rcnn/cls_accuracy": 0.671875, "fast_rcnn/false_negative": 1.0, "fast_rcnn/fg_cls_accuracy": 0.0, "iteration": 59, "loss_box_reg": 0.997862696647644, "loss_cls": 0.666100949048996, "loss_rpn_cls": 0.0030203694477677345, "loss_rpn_loc": 0.005581212230026722, "lr": 1.1888199999999999e-05, "roi_head/num_bg_samples": 24.0, "roi_head/num_fg_samples": 8.0, "rpn/num_neg_anchors": 251.5, "rpn/num_pos_anchors": 4.5, "time": 0.41177012949992786, "total_loss": 1.6556128317024559}
{"data_time": 0.0012575805048982147, "eta_seconds": 173.68879962101346, "fast_rcnn/cls_accuracy": 0.75, "fast_rcnn/false_negative": 1.0, "fast_rcnn/fg_cls_accuracy": 0.0, "iteration": 79, "loss_box_reg": 0.9587976038455963, "loss_cls": 0.5924793183803558, "loss_rpn_cls": 0.010096678975969553, "loss_rpn_loc": 0.005220453254878521, "lr": 1.5884200000000003e-05, "roi_head/num_bg_samples": 24.0, "roi_head/num_fg_samples": 8.0, "rpn/num_neg_anchors": 252.0, "rpn/num_pos_anchors": 4.0, "time": 0.41330535800079815, "total_loss": 1.5638687367900275}
{"data_time": 0.0013478814980771858, "eta_seconds": 164.7873529989738, "fast_rcnn/cls_accuracy": 0.75, "fast_rcnn/false_negative": 1.0, "fast_rcnn/fg_cls_accuracy": 0.0, "iteration": 99, "loss_box_reg": 0.8199445009231567, "loss_cls": 0.5542102158069611, "loss_rpn_cls": 0.003298953757621348, "loss_rpn_loc": 0.0043921812903136015, "lr": 1.9880200000000003e-05, "roi_head/num_bg_samples": 24.0, "roi_head/num_fg_samples": 8.0, "rpn/num_neg_anchors": 252.0, "rpn/num_pos_anchors": 4.0, "time": 0.39428120349839446, "total_loss": 1.4408171996474266}
{"data_time": 0.001324816003034357, "eta_seconds": 157.2454299400124, "fast_rcnn/cls_accuracy": 0.75, "fast_rcnn/false_negative": 1.0, "fast_rcnn/fg_cls_accuracy": 0.0, "iteration": 119, "loss_box_reg": 0.8631405830383301, "loss_cls": 0.4968036413192749, "loss_rpn_cls": 0.012542536947876215, "loss_rpn_loc": 0.004784062039107084, "lr": 2.38762e-05, "roi_head/num_bg_samples": 24.0, "roi_head/num_fg_samples": 8.0, "rpn/num_neg_anchors": 252.0, "rpn/num_pos_anchors": 4.0, "time": 0.4330920540014631, "total_loss": 1.408073268865337}
{"data_time": 0.0014617725028074346, "eta_seconds": 149.3183370612678, "fast_rcnn/cls_accuracy": 0.75, "fast_rcnn/false_negative": 1.0, "fast_rcnn/fg_cls_accuracy": 0.0, "iteration": 139, "loss_box_reg": 0.8148824870586395, "loss_cls": 0.48869429528713226, "loss_rpn_cls": 0.010178430704399943, "loss_rpn_loc": 0.0044909638818353415, "lr": 2.7872200000000004e-05, "roi_head/num_bg_samples": 24.0, "roi_head/num_fg_samples": 8.0, "rpn/num_neg_anchors": 252.0, "rpn/num_pos_anchors": 4.0, "time": 0.42583704449862125, "total_loss": 1.289018989104079}
{"data_time": 0.0013135609988239594, "eta_seconds": 142.60230699939711, "fast_rcnn/cls_accuracy": 0.75, "fast_rcnn/false_negative": 1.0, "fast_rcnn/fg_cls_accuracy": 0.0, "iteration": 159, "loss_box_reg": 0.9392831921577454, "loss_cls": 0.46920575201511383, "loss_rpn_cls": 0.027819068171083927, "loss_rpn_loc": 0.004840618930757046, "lr": 3.18682e-05, "roi_head/num_bg_samples": 24.0, "roi_head/num_fg_samples": 8.0, "rpn/num_neg_anchors": 252.5, "rpn/num_pos_anchors": 3.5, "time": 0.44665936900128145, "total_loss": 1.3984050935832784}
{"data_time": 0.0014223924990801606, "eta_seconds": 136.48611759999767, "fast_rcnn/cls_accuracy": 0.75, "fast_rcnn/false_negative": 1.0, "fast_rcnn/fg_cls_accuracy": 0.0, "iteration": 179, "loss_box_reg": 0.89358189702034, "loss_cls": 0.44071169197559357, "loss_rpn_cls": 0.01042930968105793, "loss_rpn_loc": 0.00542129366658628, "lr": 3.5864199999999995e-05, "roi_head/num_bg_samples": 24.0, "roi_head/num_fg_samples": 8.0, "rpn/num_neg_anchors": 252.0, "rpn/num_pos_anchors": 4.0, "time": 0.46718811499886215, "total_loss": 1.376300565796555}
{"data_time": 0.0013519464991986752, "eta_seconds": 128.21031434978067, "fast_rcnn/cls_accuracy": 0.75, "fast_rcnn/false_negative": 1.0, "fast_rcnn/fg_cls_accuracy": 0.0, "iteration": 199, "loss_box_reg": 0.8438844978809357, "loss_cls": 0.41154782474040985, "loss_rpn_cls": 0.009924876037985086, "loss_rpn_loc": 0.005416249856352806, "lr": 3.98602e-05, "roi_head/num_bg_samples": 24.0, "roi_head/num_fg_samples": 8.0, "rpn/num_neg_anchors": 252.0, "rpn/num_pos_anchors": 4.0, "time": 0.4362739204989339, "total_loss": 1.3009379061113577}
{"data_time": 0.0014152925032249186, "eta_seconds": 120.40249185913126, "fast_rcnn/cls_accuracy": 0.75, "fast_rcnn/false_negative": 1.0, "fast_rcnn/fg_cls_accuracy": 0.0, "iteration": 219, "loss_box_reg": 0.8851219713687897, "loss_cls": 0.45952530205249786, "loss_rpn_cls": 0.011853571981191635, "loss_rpn_loc": 0.0047082542441785336, "lr": 4.38562e-05, "roi_head/num_bg_samples": 24.0, "roi_head/num_fg_samples": 8.0, "rpn/num_neg_anchors": 252.0, "rpn/num_pos_anchors": 4.0, "time": 0.4776648324987036, "total_loss": 1.399239625716291}
