{"data_time": 0.0011759680000977824, "eta_seconds": 50.5244495999068, "fast_rcnn/cls_accuracy": 0.5, "fast_rcnn/false_negative": 0.25, "fast_rcnn/fg_cls_accuracy": 0.75, "iteration": 19, "loss_box_reg": 0.9996930360794067, "loss_cls": 0.6884867250919342, "loss_rpn_cls": 0.2232409417629242, "loss_rpn_loc": 0.059132982045412064, "lr": 3.8962e-06, "roi_head/num_bg_samples": 6.0, "roi_head/num_fg_samples": 2.0, "rpn/num_neg_anchors": 213.5, "rpn/num_pos_anchors": 42.5, "time": 0.10525926999980584, "total_loss": 1.983919721096754}
{"data_time": 0.0008658064998599002, "eta_seconds": 46.911925159984094, "fast_rcnn/cls_accuracy": 0.5, "fast_rcnn/false_negative": 0.75, "fast_rcnn/fg_cls_accuracy": 0.25, "iteration": 39, "loss_box_reg": 0.8527771234512329, "loss_cls": 0.6688182353973389, "loss_rpn_cls": 0.22613458335399628, "loss_rpn_loc": 0.012139023747295141, "lr": 7.8922e-06, "roi_head/num_bg_samples": 6.0, "roi_head/num_fg_samples": 2.0, "rpn/num_neg_anchors": 246.5, "rpn/num_pos_anchors": 9.5, "time": 0.09967217600114964, "total_loss": 1.834537151036784}
{"data_time": 0.0004041874999529682, "eta_seconds": 45.64099078022991, "fast_rcnn/cls_accuracy": 0.75, "fast_rcnn/false_negative": 1.0, "fast_rcnn/fg_cls_accuracy": 0.0, "iteration": 59, "loss_box_reg": 1.0641044974327087, "loss_cls": 0.6374599933624268, "loss_rpn_cls": 0.18805190920829773, "loss_rpn_loc": 0.015144425444304943, "lr": 1.1888199999999999e-05, "roi_head/num_bg_samples": 6.0, "roi_head/num_fg_samples": 2.0, "rpn/num_neg_anchors": 244.0, "rpn/num_pos_anchors": 12.0, "time": 0.11332092649990955, "total_loss": 1.8431387171149254}
{"data_time": 0.0012332939995758352, "eta_seconds": 44.16967022978497, "fast_rcnn/cls_accuracy": 0.75, "fast_rcnn/false_negative": 1.0, "fast_rcnn/fg_cls_accuracy": 0.0, "iteration": 79, "loss_box_reg": 0.9663301408290863, "loss_cls": 0.5803754925727844, "loss_rpn_cls": 0.22512800991535187, "loss_rpn_loc": 0.031150106340646744, "lr": 1.5884200000000003e-05, "roi_head/num_bg_samples": 6.0, "roi_head/num_fg_samples": 2.0, "rpn/num_neg_anchors": 243.5, "rpn/num_pos_anchors": 12.5, "time": 0.10736392449962295, "total_loss": 1.8562253783456981}
{"data_time": 0.0012919105001856224, "eta_seconds": 42.453197199938586, "fast_rcnn/cls_accuracy": 0.75, "fast_rcnn/false_negative": 1.0, "fast_rcnn/fg_cls_accuracy": 0.0, "iteration": 99, "loss_box_reg": 0.965916097164154, "loss_cls": 0.5636391639709473, "loss_rpn_cls": 0.2562938779592514, "loss_rpn_loc": 0.013088465202599764, "lr": 1.9880200000000003e-05, "roi_head/num_bg_samples": 6.0, "roi_head/num_fg_samples": 2.0, "rpn/num_neg_anchors": 247.5, "rpn/num_pos_anchors": 8.5, "time": 0.11132174849990406, "total_loss": 1.824108574539423}
{"data_time": 0.0012501994997364818, "eta_seconds": 40.81496589986273, "fast_rcnn/cls_accuracy": 0.75, "fast_rcnn/false_negative": 1.0, "fast_rcnn/fg_cls_accuracy": 0.0, "iteration": 119, "loss_box_reg": 0.9336413145065308, "loss_cls": 0.5063371062278748, "loss_rpn_cls": 0.28250543773174286, "loss_rpn_loc": 0.02352480124682188, "lr": 2.38762e-05, "roi_head/num_bg_samples": 6.0, "roi_head/num_fg_samples": 2.0, "rpn/num_neg_anchors": 242.5, "rpn/num_pos_anchors": 13.5, "time": 0.11237310949945822, "total_loss": 1.699483010917902}
{"data_time": 0.001273764999496052, "eta_seconds": 38.638094759699015, "fast_rcnn/cls_accuracy": 0.75, "fast_rcnn/false_negative": 1.0, "fast_rcnn/fg_cls_accuracy": 0.0, "iteration": 139, "loss_box_reg": 0.7882733941078186, "loss_cls": 0.5465621948242188, "loss_rpn_cls": 0.19103120267391205, "loss_rpn_loc": 0.013222712557762861, "lr": 2.7872200000000004e-05, "roi_head/num_bg_samples": 6.0, "roi_head/num_fg_samples": 2.0, "rpn/num_neg_anchors": 244.0, "rpn/num_pos_anchors": 12.0, "time": 0.10732804099916393, "total_loss": 1.5857185882050544}
{"data_time": 0.0011550275003173738, "eta_seconds": 37.03427271000692, "fast_rcnn/cls_accuracy": 0.75, "fast_rcnn/false_negative": 1.0, "fast_rcnn/fg_cls_accuracy": 0.0, "iteration": 159, "loss_box_reg": 0.9561885893344879, "loss_cls": 0.4814688116312027, "loss_rpn_cls": 0.20442593842744827, "loss_rpn_loc": 0.020535721443593502, "lr": 3.18682e-05, "roi_head/num_bg_samples": 6.0, "roi_head/num_fg_samples": 2.0, "rpn/num_neg_anchors": 249.0, "rpn/num_pos_anchors": 7.0, "time": 0.1136144409992994, "total_loss": 1.6013071293127723}
{"data_time": 0.0012115190002077725, "eta_seconds": 34.82744319975609, "fast_rcnn/cls_accuracy": 0.75, "fast_rcnn/false_negative": 1.0, "fast_rcnn/fg_cls_accuracy": 0.0, "iteration": 179, "loss_box_reg": 0.9734772741794586, "loss_cls": 0.46032847464084625, "loss_rpn_cls": 0.1647942066192627, "loss_rpn_loc": 0.03496105596423149, "lr": 3.5864199999999995e-05, "roi_head/num_bg_samples": 6.0, "roi_head/num_fg_samples": 2.0, "rpn/num_neg_anchors": 228.5, "rpn/num_pos_anchors": 27.5, "time": 0.10722653149969119, "total_loss": 1.6920780651271343}
{"data_time": 0.0004376540000521345, "eta_seconds": 32.6772994500061, "fast_rcnn/cls_accuracy": 0.75, "fast_rcnn/false_negative": 1.0, "fast_rcnn/fg_cls_accuracy": 0.0, "iteration": 199, "loss_box_reg": 1.0336198806762695, "loss_cls": 0.4761364609003067, "loss_rpn_cls": 0.19926629960536957, "loss_rpn_loc": 0.013047511223703623, "lr": 3.98602e-05, "roi_head/num_bg_samples": 6.0, "roi_head/num_fg_samples": 2.0, "rpn/num_neg_anchors": 245.0, "rpn/num_pos_anchors": 11.0, "time": 0.11697433449990058, "total_loss": 1.8504678145982325}
{"data_time": 0.00133826699857309, "eta_seconds": 30.708519099971454, "fast_rcnn/cls_accuracy": 0.75, "fast_rcnn/false_negative": 1.0, "fast_rcnn/fg_cls_accuracy": 0.0, "iteration": 219, "loss_box_reg": 1.0602127313613892, "loss_cls": 0.432442307472229, "loss_rpn_cls": 0.23065819591283798, "loss_rpn_loc": 0.05107197165489197, "lr": 4.38562e-05, "roi_head/num_bg_samples": 6.0, "roi_head/num_fg_samples": 2.0, "rpn/num_neg_anchors": 230.5, "rpn/num_pos_anchors": 25.5, "time": 0.12043281400110573, "total_loss": 1.7618960263207555}
