{"data_time": 0.00045531899922934826, "eta_seconds": 58.558706160401925, "fast_rcnn/cls_accuracy": 0.375, "fast_rcnn/false_negative": 0.0, "fast_rcnn/fg_cls_accuracy": 1.0, "iteration": 19, "loss_box_reg": 0.9117791056632996, "loss_cls": 0.7491244077682495, "loss_rpn_cls": 0.34129947423934937, "loss_rpn_loc": 0.012080608867108822, "lr": 3.8962e-06, "roi_head/num_bg_samples": 6.0, "roi_head/num_fg_samples": 2.0, "rpn/num_neg_anchors": 249.5, "rpn/num_pos_anchors": 6.5, "time": 0.12199730450083734, "total_loss": 1.9428455829620361}
{"data_time": 0.0014002290008647833, "eta_seconds": 50.89005897920288, "fast_rcnn/cls_accuracy": 0.3125, "fast_rcnn/false_negative": 0.0, "fast_rcnn/fg_cls_accuracy": 1.0, "iteration": 39, "loss_box_reg": 1.069539189338684, "loss_cls": 0.7608150839805603, "loss_rpn_cls": 0.1838993951678276, "loss_rpn_loc": 0.01636407570913434, "lr": 7.8922e-06, "roi_head/num_bg_samples": 6.0, "roi_head/num_fg_samples": 2.0, "rpn/num_neg_anchors": 243.0, "rpn/num_pos_anchors": 13.0, "time": 0.1007458480016794, "total_loss": 2.1535131508717313}
{"data_time": 0.00038632900032098405, "eta_seconds": 47.960982299482566, "fast_rcnn/cls_accuracy": 0.625, "fast_rcnn/false_negative": 1.0, "fast_rcnn/fg_cls_accuracy": 0.0, "iteration": 59, "loss_box_reg": 0.8035678267478943, "loss_cls": 0.6582031548023224, "loss_rpn_cls": 0.21792060881853104, "loss_rpn_loc": 0.025938653387129307, "lr": 1.1888199999999999e-05, "roi_head/num_bg_samples": 6.0, "roi_head/num_fg_samples": 2.0, "rpn/num_neg_anchors": 242.0, "rpn/num_pos_anchors": 14.0, "time": 0.10360105299878342, "total_loss": 1.7407775511965156}
{"data_time": 0.0011369165003998205, "eta_seconds": 45.91796411994437, "fast_rcnn/cls_accuracy": 0.75, "fast_rcnn/false_negative": 1.0, "fast_rcnn/fg_cls_accuracy": 0.0, "iteration": 79, "loss_box_reg": 0.9244063198566437, "loss_cls": 0.6107116043567657, "loss_rpn_cls": 0.16882136464118958, "loss_rpn_loc": 0.0112049481831491, "lr": 1.5884200000000003e-05, "roi_head/num_bg_samples": 6.0, "roi_head/num_fg_samples": 2.0, "rpn/num_neg_anchors": 246.0, "rpn/num_pos_anchors": 10.0, "time": 0.1096220599993103, "total_loss": 1.736492172582075}
{"data_time": 0.0012154380001447862, "eta_seconds": 43.600892999529606, "fast_rcnn/cls_accuracy": 0.75, "fast_rcnn/false_negative": 1.0, "fast_rcnn/fg_cls_accuracy": 0.0, "iteration": 99, "loss_box_reg": 0.9792718291282654, "loss_cls": 0.5558867752552032, "loss_rpn_cls": 0.1956910789012909, "loss_rpn_loc": 0.03149096108973026, "lr": 1.9880200000000003e-05, "roi_head/num_bg_samples": 6.0, "roi_head/num_fg_samples": 2.0, "rpn/num_neg_anchors": 243.0, "rpn/num_pos_anchors": 13.0, "time": 0.10809637000056682, "total_loss": 1.8208901565521955}
{"data_time": 0.0013723690008191625, "eta_seconds": 41.54482467994967, "fast_rcnn/cls_accuracy": 0.75, "fast_rcnn/false_negative": 1.0, "fast_rcnn/fg_cls_accuracy": 0.0, "iteration": 119, "loss_box_reg": 0.9002054929733276, "loss_cls": 0.49830517172813416, "loss_rpn_cls": 0.22974395751953125, "loss_rpn_loc": 0.00677882949821651, "lr": 2.38762e-05, "roi_head/num_bg_samples": 6.0, "roi_head/num_fg_samples": 2.0, "rpn/num_neg_anchors": 252.0, "rpn/num_pos_anchors": 4.0, "time": 0.11385370799871453, "total_loss": 1.6697408262407407}
{"data_time": 0.0014928800010238774, "eta_seconds": 39.42710207971686, "fast_rcnn/cls_accuracy": 0.75, "fast_rcnn/false_negative": 1.0, "fast_rcnn/fg_cls_accuracy": 0.0, "iteration": 139, "loss_box_reg": 0.9079116582870483, "loss_cls": 0.5191889405250549, "loss_rpn_cls": 0.2091398611664772, "loss_rpn_loc": 0.009903086815029383, "lr": 2.7872200000000004e-05, "roi_head/num_bg_samples": 6.0, "roi_head/num_fg_samples": 2.0, "rpn/num_neg_anchors": 245.0, "rpn/num_pos_anchors": 11.0, "time": 0.11748780550078664, "total_loss": 1.6662396918982267}
{"data_time": 0.0011386360001779394, "eta_seconds": 37.26778725929762, "fast_rcnn/cls_accuracy": 0.75, "fast_rcnn/false_negative": 1.0, "fast_rcnn/fg_cls_accuracy": 0.0, "iteration": 159, "loss_box_reg": 1.038876235485077, "loss_cls": 0.4734320193529129, "loss_rpn_cls": 0.22821887582540512, "loss_rpn_loc": 0.010863430798053741, "lr": 3.18682e-05, "roi_head/num_bg_samples": 6.0, "roi_head/num_fg_samples": 2.0, "rpn/num_neg_anchors": 247.0, "rpn/num_pos_anchors": 9.0, "time": 0.1120198309999978, "total_loss": 1.709675056161359}
{"data_time": 0.0013013075003982522, "eta_seconds": 35.12295424006879, "fast_rcnn/cls_accuracy": 0.75, "fast_rcnn/false_negative": 1.0, "fast_rcnn/fg_cls_accuracy": 0.0, "iteration": 179, "loss_box_reg": 0.9425026476383209, "loss_cls": 0.46469685435295105, "loss_rpn_cls": 0.12741007655858994, "loss_rpn_loc": 0.02997855842113495, "lr": 3.5864199999999995e-05, "roi_head/num_bg_samples": 6.0, "roi_head/num_fg_samples": 2.0, "rpn/num_neg_anchors": 234.5, "rpn/num_pos_anchors": 21.5, "time": 0.11538756099980674, "total_loss": 1.5510678756982088}
{"data_time": 0.00046637449850095436, "eta_seconds": 32.88334169938025, "fast_rcnn/cls_accuracy": 0.75, "fast_rcnn/false_negative": 1.0, "fast_rcnn/fg_cls_accuracy": 0.0, "iteration": 199, "loss_box_reg": 0.7548106610774994, "loss_cls": 0.42927105724811554, "loss_rpn_cls": 0.15050458163022995, "loss_rpn_loc": 0.011317923665046692, "lr": 3.98602e-05, "roi_head/num_bg_samples": 6.0, "roi_head/num_fg_samples": 2.0, "rpn/num_neg_anchors": 244.0, "rpn/num_pos_anchors": 12.0, "time": 0.10148186900005385, "total_loss": 1.3635450880974531}
{"data_time": 0.0013309535006555961, "eta_seconds": 30.66552383977978, "fast_rcnn/cls_accuracy": 0.75, "fast_rcnn/false_negative": 1.0, "fast_rcnn/fg_cls_accuracy": 0.0, "iteration": 219, "loss_box_reg": 0.9331717193126678, "loss_cls": 0.43430179357528687, "loss_rpn_cls": 0.20025157928466797, "loss_rpn_loc": 0.018953160382807255, "lr": 4.38562e-05, "roi_head/num_bg_samples": 6.0, "roi_head/num_fg_samples": 2.0, "rpn/num_neg_anchors": 243.5, "rpn/num_pos_anchors": 12.5, "time": 0.10780111399981251, "total_loss": 1.5998131446540356}
{"data_time": 0.0014184849987941561, "eta_seconds": 28.498896139462886, "fast_rcnn/cls_accuracy": 0.75, "fast_rcnn/false_negative": 1.0, "fast_rcnn/fg_cls_accuracy": 0.0, "iteration": 239, "loss_box_reg": 0.8524192869663239, "loss_cls": 0.4454193115234375, "loss_rpn_cls": 0.17481646686792374, "loss_rpn_loc": 0.012683756183832884, "lr": 4.78522e-05, "roi_head/num_bg_samples": 6.0, "roi_head/num_fg_samples": 2.0, "rpn/num_neg_anchors": 243.0, "rpn/num_pos_anchors": 13.0, "time": 0.10999599649949232, "total_loss": 1.537761764600873}
{"data_time": 0.0013099684983899351, "eta_seconds": 26.28473471981124, "fast_rcnn/cls_accuracy": 0.75, "fast_rcnn/false_negative": 1.0, "fast_rcnn/fg_cls_accuracy": 0.0, "iteration": 259, "loss_box_reg": 0.8895484805107117, "loss_cls": 0.4027611166238785, "loss_rpn_cls": 0.1994524970650673, "loss_rpn_loc": 0.04796236753463745, "lr": 5.18482e-05, "roi_head/num_bg_samples": 6.0, "roi_head/num_fg_samples": 2.0, "rpn/num_neg_anchors": 232.0, "rpn/num_pos_anchors": 24.0, "time": 0.10576924349879846, "total_loss": 1.5492951795458794}
{"data_time": 0.0008454589988104999, "eta_seconds": 24.114359060113202, "fast_rcnn/cls_accuracy": 0.75, "fast_rcnn/false_negative": 1.0, "fast_rcnn/fg_cls_accuracy": 0.0, "iteration": 279, "loss_box_reg": 0.960131973028183, "loss_cls": 0.39995862543582916, "loss_rpn_cls": 0.1546119675040245, "loss_rpn_loc": 0.024070441722869873, "lr": 5.584420000000001e-05, "roi_head/num_bg_samples": 6.0, "roi_head/num_fg_samples": 2.0, "rpn/num_neg_anchors": 242.0, "rpn/num_pos_anchors": 14.0, "time": 0.11606163450051099, "total_loss": 1.5616283006966114}
{"data_time": 0.0013072185010969406, "eta_seconds": 21.92214460010291, "fast_rcnn/cls_accuracy": 0.75, "fast_rcnn/false_negative": 1.0, "fast_rcnn/fg_cls_accuracy": 0.0, "iteration": 299, "loss_box_reg": 0.8306490778923035, "loss_cls": 0.41556404531002045, "loss_rpn_cls": 0.191956989467144, "loss_rpn_loc": 0.02096699643880129, "lr": 5.9840200000000003e-05, "roi_head/num_bg_samples": 6.0, "roi_head/num_fg_samples": 2.0,