{"data_time": 0.002780185499432264, "eta_seconds": 491.574793200125, "fast_rcnn/cls_accuracy": 0.912109375, "fast_rcnn/false_negative": 1.0, "fast_rcnn/fg_cls_accuracy": 0.0, "iteration": 19, "loss_box_reg": 0.35803481936454773, "loss_cls": 0.46834471821784973, "loss_rpn_cls": 0.0250337952747941, "loss_rpn_loc": 0.00539106409996748, "lr": 3.8962e-06, "roi_head/num_bg_samples": 116.75, "roi_head/num_fg_samples": 11.25, "rpn/num_neg_anchors": 252.25, "rpn/num_pos_anchors": 3.75, "time": 1.0241141525002604, "total_loss": 0.8540889426367357}
{"data_time": 0.0026519195016589947, "eta_seconds": 490.4752148199623, "fast_rcnn/cls_accuracy": 0.91796875, "fast_rcnn/false_negative": 1.0, "fast_rcnn/fg_cls_accuracy": 0.0, "iteration": 39, "loss_box_reg": 0.2836282402276993, "loss_cls": 0.44832292199134827, "loss_rpn_cls": 0.043757203966379166, "loss_rpn_loc": 0.005168632138520479, "lr": 7.8922e-06, "roi_head/num_bg_samples": 117.5, "roi_head/num_fg_samples": 10.5, "rpn/num_neg_anchors": 252.5, "rpn/num_pos_anchors": 3.5, "time": 1.0992474395006866, "total_loss": 0.7789433425059542}
{"data_time": 0.002517814000384533, "eta_seconds": 469.20207158000267, "fast_rcnn/cls_accuracy": 0.921875, "fast_rcnn/false_negative": 1.0, "fast_rcnn/fg_cls_accuracy": 0.0, "iteration": 59, "loss_box_reg": 0.31746773421764374, "loss_cls": 0.4218340516090393, "loss_rpn_cls": 0.024615046568214893, "loss_rpn_loc": 0.007888630963861942, "lr": 1.1888199999999999e-05, "roi_head/num_bg_samples": 118.0, "roi_head/num_fg_samples": 10.0, "rpn/num_neg_anchors": 252.0, "rpn/num_pos_anchors": 4.0, "time": 1.0790311429991561, "total_loss": 0.8272090556565672}
{"data_time": 0.0027552020001166966, "eta_seconds": 447.87470469000255, "fast_rcnn/cls_accuracy": 0.935546875, "fast_rcnn/false_negative": 1.0, "fast_rcnn/fg_cls_accuracy": 0.0, "iteration": 79, "loss_box_reg": 0.23934388160705566, "loss_cls": 0.37316666543483734, "loss_rpn_cls": 0.02881147898733616, "loss_rpn_loc": 0.007494637742638588, "lr": 1.5884200000000003e-05, "roi_head/num_bg_samples": 119.75, "roi_head/num_fg_samples": 8.25, "rpn/num_neg_anchors": 252.0, "rpn/num_pos_anchors": 4.0, "time": 1.058177868500934, "total_loss": 0.7211577529087663}
{"data_time": 0.0028946740003448213, "eta_seconds": 416.87016319992836, "fast_rcnn/cls_accuracy": 0.908203125, "fast_rcnn/false_negative": 1.0, "fast_rcnn/fg_cls_accuracy": 0.0, "iteration": 99, "loss_box_reg": 0.3779037743806839, "loss_cls": 0.3434740900993347, "loss_rpn_cls": 0.025326214730739594, "loss_rpn_loc": 0.007935249246656895, "lr": 1.9880200000000003e-05, "roi_head/num_bg_samples": 116.25, "roi_head/num_fg_samples": 11.75, "rpn/num_neg_anchors": 252.25, "rpn/num_pos_anchors": 3.75, "time": 1.0368330825003795, "total_loss": 0.7410910641774535}
{"data_time": 0.0028466240019042743, "eta_seconds": 391.23944677045074, "fast_rcnn/cls_accuracy": 0.91796875, "fast_rcnn/false_negative": 1.0, "fast_rcnn/fg_cls_accuracy": 0.0, "iteration": 119, "loss_box_reg": 0.28838208317756653, "loss_cls": 0.30867959558963776, "loss_rpn_cls": 0.02978486381471157, "loss_rpn_loc": 0.014009200036525726, "lr": 2.38762e-05, "roi_head/num_bg_samples": 117.5, "roi_head/num_fg_samples": 10.5, "rpn/num_neg_anchors": 248.5, "rpn/num_pos_anchors": 7.5, "time": 0.9744544670011237, "total_loss": 0.6358400075696409}
{"data_time": 0.0026342519995523617, "eta_seconds": 371.1200173202815, "fast_rcnn/cls_accuracy": 0.92578125, "fast_rcnn/false_negative": 1.0, "fast_rcnn/fg_cls_accuracy": 0.0, "iteration": 139, "loss_box_reg": 0.2729564756155014, "loss_cls": 0.28677672147750854, "loss_rpn_cls": 0.01749106263741851, "loss_rpn_loc": 0.006694233510643244, "lr": 2.7872200000000004e-05, "roi_head/num_bg_samples": 118.5, "roi_head/num_fg_samples": 9.5, "rpn/num_neg_anchors": 252.5, "rpn/num_pos_anchors": 3.5, "time": 1.0406746364988066, "total_loss": 0.6756329951895168}
{"data_time": 0.0026462329988135025, "eta_seconds": 351.14875350991497, "fast_rcnn/cls_accuracy": 0.912109375, "fast_rcnn/false_negative": 1.0, "fast_rcnn/fg_cls_accuracy": 0.0, "iteration": 159, "loss_box_reg": 0.3420695960521698, "loss_cls": 0.2799280285835266, "loss_rpn_cls": 0.02409260720014572, "loss_rpn_loc": 0.007238102378323674, "lr": 3.18682e-05, "roi_head/num_bg_samples": 116.75, "roi_head/num_fg_samples": 11.25, "rpn/num_neg_anchors": 251.75, "rpn/num_pos_anchors": 4.25, "time": 1.0387454705014534, "total_loss": 0.673707788460888}
{"data_time": 0.002623657499498222, "eta_seconds": 332.8244752000319, "fast_rcnn/cls_accuracy": 0.92578125, "fast_rcnn/false_negative": 1.0, "fast_rcnn/fg_cls_accuracy": 0.0, "iteration": 179, "loss_box_reg": 0.2889510244131088, "loss_cls": 0.25747470557689667, "loss_rpn_cls": 0.013884659856557846, "loss_rpn_loc": 0.008814652916043997, "lr": 3.5864199999999995e-05, "roi_head/num_bg_samples": 118.5, "roi_head/num_fg_samples": 9.5, "rpn/num_neg_anchors": 251.0, "rpn/num_pos_anchors": 5.0, "time": 1.135635058499247, "total_loss": 0.5804590568877757}
{"data_time": 0.002647807999892393, "eta_seconds": 312.65262239994627, "fast_rcnn/cls_accuracy": 0.900390625, "fast_rcnn/false_negative": 1.0, "fast_rcnn/fg_cls_accuracy": 0.0, "iteration": 199, "loss_box_reg": 0.36897218227386475, "loss_cls": 0.279919296503067, "loss_rpn_cls": 0.024065296165645123, "loss_rpn_loc": 0.0097751603461802, "lr": 3.98602e-05, "roi_head/num_bg_samples": 115.25, "roi_head/num_fg_samples": 12.75, "rpn/num_neg_anchors": 250.75, "rpn/num_pos_anchors": 5.25, "time": 1.0777769914984674, "total_loss": 0.7202860701363534}
{"data_time": 0.0031130049992498243, "eta_seconds": 291.80911423994985, "fast_rcnn/cls_accuracy": 0.923828125, "fast_rcnn/false_negative": 1.0, "fast_rcnn/fg_cls_accuracy": 0.0, "iteration": 219, "loss_box_reg": 0.2572812885046005, "loss_cls": 0.252349317073822, "loss_rpn_cls": 0.047250598669052124, "loss_rpn_loc": 0.00882091699168086, "lr": 4.38562e-05, "roi_head/num_bg_samples": 118.25, "roi_head/num_fg_samples": 9.75, "rpn/num_neg_anchors": 251.0, "rpn/num_pos_anchors": 5.0, "time": 1.0416805894983554, "total_loss": 0.5825656070373952}
{"data_time": 0.0026612045003275853, "eta_seconds": 272.11424928980705, "fast_rcnn/cls_accuracy": 0.89453125, "fast_rcnn/false_negative": 1.0, "fast_rcnn/fg_cls_accuracy": 0.0, "iteration": 239, "loss_box_reg": 0.37997138500213623, "loss_cls": 0.2640741318464279, "loss_rpn_cls": 0.013794929720461369, "loss_rpn_loc": 0.004835780709981918, "lr": 4.78522e-05, "roi_head/num_bg_samples": 114.5, "roi_head/num_fg_samples": 13.5, "rpn/num_neg_anchors": 252.0, "rpn/num_pos_anchors": 4.0, "time": 1.1010371334996307, "total_loss": 0.6936659397324547}
{"data_time": 0.003165365998938796, "eta_seconds": 250.75426811978105, "fast_rcnn/cls_accuracy": 0.896484375, "fast_rcnn/false_negative": 1.0, "fast_rcnn/fg_cls_accuracy": 0.0, "iteration": 259, "loss_box_reg": 0.381802499294281, "loss_cls": 0.25809521973133087, "loss_rpn_cls": 0.017051283735781908, "loss_rpn_loc": 0.004408983048051596, "lr": 5.18482e-05, "roi_head/num_bg_samples": 114.75, "roi_head/num_fg_samples": 13.25, "rpn/num_neg_anchors": 252.5, "rpn/num_pos_anchors": 3.5, "time": 1.0141928720004216, "total_loss": 0.675320700276643}
{"data_time": 0.003640673499830882, "eta_seconds": 230.25051862983673, "fast_rcnn/cls_accuracy": 0.91796875, "fast_rcnn/false_negative": 1.0, "fast_rcnn/fg_cls_accuracy": 0.0, "iteration": 279, "loss_box_reg": 0.3196345716714859, "loss_cls": 0.2364891916513443, "loss_rpn_cls": 0.03698599897325039, "loss_rpn_loc": 0.01071454444900155, "lr": 5.584420000000001e-05, "roi_head/num_bg_samples": 117.5, "roi_head/num_fg_samples": 10.5, "rpn/num_neg_anchors": 251.0, "rpn/num_pos_anchors": 5.0, "time": 1.0730692575016292, "total_loss": 0.5626609865576029}
