{"data_time": 0.002973220998683246, "eta_seconds": 226.80697871837765, "fast_rcnn/cls_accuracy": 0.583984375, "fast_rcnn/false_negative": 0.5643939393939394, "fast_rcnn/fg_cls_accuracy": 0.4356060606060606, "iteration": 19, "loss_box_reg": 0.40102219581604004, "loss_cls": 0.6742443144321442, "loss_rpn_cls": 0.1511048749089241, "loss_rpn_loc": 0.01683425810188055, "lr": 3.8962e-06, "roi_head/num_bg_samples": 114.25, "roi_head/num_fg_samples": 13.75, "rpn/num_neg_anchors": 231.0, "rpn/num_pos_anchors": 25.0, "time": 0.4725145389966201, "total_loss": 1.3214259538799524}
{"data_time": 0.002819553996232571, "eta_seconds": 218.40748985930986, "fast_rcnn/cls_accuracy": 0.689453125, "fast_rcnn/false_negative": 0.8658170914542729, "fast_rcnn/fg_cls_accuracy": 0.13418290854572712, "iteration": 39, "loss_box_reg": 0.4439813941717148, "loss_cls": 0.6351736187934875, "loss_rpn_cls": 0.12433148175477982, "loss_rpn_loc": 0.013952720910310745, "lr": 7.8922e-06, "roi_head/num_bg_samples": 113.25, "roi_head/num_fg_samples": 14.75, "rpn/num_neg_anchors": 238.75, "rpn/num_pos_anchors": 17.25, "time": 0.48783192949849763, "total_loss": 1.2666134424507618}
{"data_time": 0.0028791650001949165, "eta_seconds": 216.85077304035076, "fast_rcnn/cls_accuracy": 0.837890625, "fast_rcnn/false_negative": 1.0, "fast_rcnn/fg_cls_accuracy": 0.0, "iteration": 59, "loss_box_reg": 0.39545440673828125, "loss_cls": 0.5562365353107452, "loss_rpn_cls": 0.144649475812912, "loss_rpn_loc": 0.03561835736036301, "lr": 1.1888199999999999e-05, "roi_head/num_bg_samples": 114.75, "roi_head/num_fg_samples": 13.25, "rpn/num_neg_anchors": 227.0, "rpn/num_pos_anchors": 29.0, "time": 0.5015741485040053, "total_loss": 1.1957019958645105}
{"data_time": 0.0031020035021356307, "eta_seconds": 202.62278735979635, "fast_rcnn/cls_accuracy": 0.875, "fast_rcnn/false_negative": 1.0, "fast_rcnn/fg_cls_accuracy": 0.0, "iteration": 79, "loss_box_reg": 0.47478029131889343, "loss_cls": 0.46313129365444183, "loss_rpn_cls": 0.12588153779506683, "loss_rpn_loc": 0.040869793854653835, "lr": 1.5884200000000003e-05, "roi_head/num_bg_samples": 113.25, "roi_head/num_fg_samples": 14.75, "rpn/num_neg_anchors": 227.0, "rpn/num_pos_anchors": 29.0, "time": 0.4807312685006764, "total_loss": 1.2011581221595407}
{"data_time": 0.0028071634988009464, "eta_seconds": 192.29250740027055, "fast_rcnn/cls_accuracy": 0.896484375, "fast_rcnn/false_negative": 1.0, "fast_rcnn/fg_cls_accuracy": 0.0, "iteration": 99, "loss_box_reg": 0.40975552797317505, "loss_cls": 0.3912367969751358, "loss_rpn_cls": 0.12937374413013458, "loss_rpn_loc": 0.013669536914676428, "lr": 1.9880200000000003e-05, "roi_head/num_bg_samples": 114.75, "roi_head/num_fg_samples": 13.25, "rpn/num_neg_anchors": 247.0, "rpn/num_pos_anchors": 9.0, "time": 0.4706778129984741, "total_loss": 1.0656255963258445}
{"data_time": 0.0027581534995988477, "eta_seconds": 182.02629128027183, "fast_rcnn/cls_accuracy": 0.89453125, "fast_rcnn/false_negative": 1.0, "fast_rcnn/fg_cls_accuracy": 0.0, "iteration": 119, "loss_box_reg": 0.41451264917850494, "loss_cls": 0.3416386544704437, "loss_rpn_cls": 0.11887332797050476, "loss_rpn_loc": 0.03303859382867813, "lr": 2.38762e-05, "roi_head/num_bg_samples": 114.5, "roi_head/num_fg_samples": 13.5, "rpn/num_neg_anchors": 228.0, "rpn/num_pos_anchors": 28.0, "time": 0.47619995400236803, "total_loss": 0.938461484387517}
{"data_time": 0.003297317001852207, "eta_seconds": 173.0632566602435, "fast_rcnn/cls_accuracy": 0.90234375, "fast_rcnn/false_negative": 1.0, "fast_rcnn/fg_cls_accuracy": 0.0, "iteration": 139, "loss_box_reg": 0.3882715255022049, "loss_cls": 0.29715968668460846, "loss_rpn_cls": 0.14842769503593445, "loss_rpn_loc": 0.03704828768968582, "lr": 2.7872200000000004e-05, "roi_head/num_bg_samples": 115.5, "roi_head/num_fg_samples": 12.5, "rpn/num_neg_anchors": 229.5, "rpn/num_pos_anchors": 26.5, "time": 0.5000639160025457, "total_loss": 0.9468816420994699}
{"data_time": 0.003248490498663159, "eta_seconds": 163.17369964061072, "fast_rcnn/cls_accuracy": 0.869140625, "fast_rcnn/false_negative": 1.0, "fast_rcnn/fg_cls_accuracy": 0.0, "iteration": 159, "loss_box_reg": 0.5345844328403473, "loss_cls": 0.2933625727891922, "loss_rpn_cls": 0.1213248074054718, "loss_rpn_loc": 0.027142365463078022, "lr": 3.18682e-05, "roi_head/num_bg_samples": 111.25, "roi_head/num_fg_samples": 16.75, "rpn/num_neg_anchors": 234.5, "rpn/num_pos_anchors": 21.5, "time": 0.47964848349874956, "total_loss": 0.9764626184478402}
{"data_time": 0.002828124001098331, "eta_seconds": 154.1953732795082, "fast_rcnn/cls_accuracy": 0.900390625, "fast_rcnn/false_negative": 1.0, "fast_rcnn/fg_cls_accuracy": 0.0, "iteration": 179, "loss_box_reg": 0.3843824416399002, "loss_cls": 0.270049512386322, "loss_rpn_cls": 0.12342029809951782, "loss_rpn_loc": 0.047871582210063934, "lr": 3.5864199999999995e-05, "roi_head/num_bg_samples": 115.25, "roi_head/num_fg_samples": 12.75, "rpn/num_neg_anchors": 228.0, "rpn/num_pos_anchors": 28.0, "time": 0.49764009649516083, "total_loss": 0.9567643608897924}
{"data_time": 0.002875510501326062, "eta_seconds": 144.45365084975492, "fast_rcnn/cls_accuracy": 0.859375, "fast_rcnn/false_negative": 1.0, "fast_rcnn/fg_cls_accuracy": 0.0, "iteration": 199, "loss_box_reg": 0.553478479385376, "loss_cls": 0.3080686181783676, "loss_rpn_cls": 0.09615818411111832, "loss_rpn_loc": 0.013464190065860748, "lr": 3.98602e-05, "roi_head/num_bg_samples": 110.0, "roi_head/num_fg_samples": 18.0, "rpn/num_neg_anchors": 234.5, "rpn/num_pos_anchors": 21.5, "time": 0.4765847924973059, "total_loss": 1.0657217586413026}
{"data_time": 0.0029263210017234087, "eta_seconds": 134.92095161956968, "fast_rcnn/cls_accuracy": 0.896484375, "fast_rcnn/false_negative": 1.0, "fast_rcnn/fg_cls_accuracy": 0.0, "iteration": 219, "loss_box_reg": 0.39093783497810364, "loss_cls": 0.23946402966976166, "loss_rpn_cls": 0.13502541184425354, "loss_rpn_loc": 0.047893110662698746, "lr": 4.38562e-05, "roi_head/num_bg_samples": 114.75, "roi_head/num_fg_samples": 13.25, "rpn/num_neg_anchors": 225.25, "rpn/num_pos_anchors": 30.75, "time": 0.5012127265035815, "total_loss": 0.845806859433651}
{"data_time": 0.0036631625007430557, "eta_seconds": 125.28374078960042, "fast_rcnn/cls_accuracy": 0.876953125, "fast_rcnn/false_negative": 1.0, "fast_rcnn/fg_cls_accuracy": 0.0, "iteration": 239, "loss_box_reg": 0.47939975559711456, "loss_cls": 0.24440384656190872, "loss_rpn_cls": 0.11536940932273865, "loss_rpn_loc": 0.03323091380298138, "lr": 4.78522e-05, "roi_head/num_bg_samples": 112.25, "roi_head/num_fg_samples": 15.75, "rpn/num_neg_anchors": 224.5, "rpn/num_pos_anchors": 31.5, "time": 0.4783247625018703, "total_loss": 0.923958940198645}
{"data_time": 0.003120858997135656, "eta_seconds": 115.9498532404541, "fast_rcnn/cls_accuracy": 0.87890625, "fast_rcnn/false_negative": 1.0, "fast_rcnn/fg_cls_accuracy": 0.0, "iteration": 259, "loss_box_reg": 0.4727732390165329, "loss_cls": 0.2513345330953598, "loss_rpn_cls": 0.13073989748954773, "loss_rpn_loc": 0.03179369680583477, "lr": 5.18482e-05, "roi_head/num_bg_samples": 112.5, "roi_head/num_fg_samples": 15.5, "rpn/num_neg_anchors": 230.25, "rpn/num_pos_anchors": 25.75, "time": 0.5170656459995371, "total_loss": 0.8650047089904547}
{"data_time": 0.002791739003441762, "eta_seconds": 106.78945320949424, "fast_rcnn/cls_accuracy": 0.890625, "fast_rcnn/false_negative": 1.0, "fast_rcnn/fg_cls_accuracy": 0.0, "iteration": 279, "loss_box_reg": 0.42721033096313477, "loss_cls": 0.2379917949438095, "loss_rpn_cls": 0.1051640622317791, "loss_rpn_loc": 0.012366845272481441, "lr": 5.584420000000001e-05, "roi_head/num_bg_samples": 114.0, "roi_head/num_fg_samples": 14.0, "rpn/num_neg_anchors": 244.0, "rpn/num_pos_anchors": 12.0, "time": 0.5105595899985929, "total_loss": 0.8312668348662555}
{"data_time": 0.003153559497150127, "eta_seconds": 97.45592529943679, "fast_rcnn/cls_accuracy": 0.908203125, "fast_rcnn/false_negative": 1.0, "fast_rcnn/fg_cls_accuracy": 0.0, "iteration": 299, "loss_box_reg": 0.3444567173719406,