{"data_time": 0.0022578255002372316, "eta_seconds": 263.42584767504377, "fast_rcnn/cls_accuracy": 0.83203125, "fast_rcnn/false_negative": 1.0, "fast_rcnn/fg_cls_accuracy": 0.0, "iteration": 19, "loss_box_reg": 0.4040021449327469, "loss_cls": 0.5641954243183136, "loss_rpn_cls": 0.015174644999206066, "loss_rpn_loc": 0.010738587938249111, "lr": 1.9231e-05, "roi_head/num_bg_samples": 115.5, "roi_head/num_fg_samples": 12.5, "rpn/num_neg_anchors": 250.5, "rpn/num_pos_anchors": 5.5, "time": 1.1453297725001903, "total_loss": 1.0348275592550635}
