{"data_time": 0.0013452995000307055, "eta_seconds": 111.09356208002282, "fast_rcnn/cls_accuracy": 0.5, "fast_rcnn/false_negative": 0.5, "fast_rcnn/fg_cls_accuracy": 0.5, "iteration": 19, "loss_box_reg": 0.9215913116931915, "loss_cls": 0.7050902843475342, "loss_rpn_cls": 0.2209249585866928, "loss_rpn_loc": 0.01919292937964201, "lr": 3.8962e-06, "roi_head/num_bg_samples": 6.0, "roi_head/num_fg_samples": 2.0, "rpn/num_neg_anchors": 239.0, "rpn/num_pos_anchors": 17.0, "time": 0.23144492100004754, "total_loss": 1.9429135881364346}
{"data_time": 0.0014332585000147446, "eta_seconds": 107.5057358899744, "fast_rcnn/cls_accuracy": 0.5, "fast_rcnn/false_negative": 0.5, "fast_rcnn/fg_cls_accuracy": 0.5, "iteration": 39, "loss_box_reg": 0.8428138792514801, "loss_cls": 0.681833028793335, "loss_rpn_cls": 0.15536943078041077, "loss_rpn_loc": 0.015235621482133865, "lr": 7.8922e-06, "roi_head/num_bg_samples": 6.0, "roi_head/num_fg_samples": 2.0, "rpn/num_neg_anchors": 241.0, "rpn/num_pos_anchors": 15.0, "time": 0.23446863699984988, "total_loss": 1.7691524140536785}
{"data_time": 0.0012466134999158385, "eta_seconds": 101.6452753799831, "fast_rcnn/cls_accuracy": 0.625, "fast_rcnn/false_negative": 1.0, "fast_rcnn/fg_cls_accuracy": 0.0, "iteration": 59, "loss_box_reg": 0.7608481645584106, "loss_cls": 0.6443001925945282, "loss_rpn_cls": 0.14348094537854195, "loss_rpn_loc": 0.008880664128810167, "lr": 1.1888199999999999e-05, "roi_head/num_bg_samples": 6.0, "roi_head/num_fg_samples": 2.0, "rpn/num_neg_anchors": 243.5, "rpn/num_pos_anchors": 12.5, "time": 0.2219915895000213, "total_loss": 1.5555048128589988}
{"data_time": 0.0012531595000382367, "eta_seconds": 95.12810937002996, "fast_rcnn/cls_accuracy": 0.75, "fast_rcnn/false_negative": 1.0, "fast_rcnn/fg_cls_accuracy": 0.0, "iteration": 79, "loss_box_reg": 1.0590563416481018, "loss_cls": 0.5867003500461578, "loss_rpn_cls": 0.10216663032770157, "loss_rpn_loc": 0.04343552328646183, "lr": 1.5884200000000003e-05, "roi_head/num_bg_samples": 6.0, "roi_head/num_fg_samples": 2.0, "rpn/num_neg_anchors": 225.0, "rpn/num_pos_anchors": 31.0, "time": 0.21876874800011592, "total_loss": 1.8391777742654085}
{"data_time": 0.0013050024999756715, "eta_seconds": 89.32159560004038, "fast_rcnn/cls_accuracy": 0.75, "fast_rcnn/false_negative": 1.0, "fast_rcnn/fg_cls_accuracy": 0.0, "iteration": 99, "loss_box_reg": 1.1422564387321472, "loss_cls": 0.5428222417831421, "loss_rpn_cls": 0.12277162447571754, "loss_rpn_loc": 0.01577437436208129, "lr": 1.9880200000000003e-05, "roi_head/num_bg_samples": 6.0, "roi_head/num_fg_samples": 2.0, "rpn/num_neg_anchors": 241.0, "rpn/num_pos_anchors": 15.0, "time": 0.21068471399996724, "total_loss": 1.8976215510629117}
{"data_time": 0.0013050779999730366, "eta_seconds": 84.7639905400365, "fast_rcnn/cls_accuracy": 0.75, "fast_rcnn/false_negative": 1.0, "fast_rcnn/fg_cls_accuracy": 0.0, "iteration": 119, "loss_box_reg": 0.9927434325218201, "loss_cls": 0.5073205828666687, "loss_rpn_cls": 0.13729576021432877, "loss_rpn_loc": 0.020113562233746052, "lr": 2.38762e-05, "roi_head/num_bg_samples": 6.0, "roi_head/num_fg_samples": 2.0, "rpn/num_neg_anchors": 243.5, "rpn/num_pos_anchors": 12.5, "time": 0.21205955550010458, "total_loss": 1.670067548751831}
{"data_time": 0.0013208394999537632, "eta_seconds": 80.24095602005673, "fast_rcnn/cls_accuracy": 0.75, "fast_rcnn/false_negative": 1.0, "fast_rcnn/fg_cls_accuracy": 0.0, "iteration": 139, "loss_box_reg": 0.7668048441410065, "loss_cls": 0.4687536060810089, "loss_rpn_cls": 0.10546397417783737, "loss_rpn_loc": 0.06393478438258171, "lr": 2.7872200000000004e-05, "roi_head/num_bg_samples": 6.0, "roi_head/num_fg_samples": 2.0, "rpn/num_neg_anchors": 226.0, "rpn/num_pos_anchors": 30.0, "time": 0.20973592000007102, "total_loss": 1.4825741670792922}
{"data_time": 0.0012612335000312669, "eta_seconds": 75.74477381004272, "fast_rcnn/cls_accuracy": 0.75, "fast_rcnn/false_negative": 1.0, "fast_rcnn/fg_cls_accuracy": 0.0, "iteration": 159, "loss_box_reg": 0.981757789850235, "loss_cls": 0.49896012246608734, "loss_rpn_cls": 0.15976330637931824, "loss_rpn_loc": 0.005432275356724858, "lr": 3.18682e-05, "roi_head/num_bg_samples": 6.0, "roi_head/num_fg_samples": 2.0, "rpn/num_neg_anchors": 248.5, "rpn/num_pos_anchors": 7.5, "time": 0.21904446850010117, "total_loss": 1.7221387685276568}
{"data_time": 0.0013265614999227182, "eta_seconds": 71.32529424005043, "fast_rcnn/cls_accuracy": 0.75, "fast_rcnn/false_negative": 1.0, "fast_rcnn/fg_cls_accuracy": 0.0, "iteration": 179, "loss_box_reg": 0.8472643494606018, "loss_cls": 0.4737963527441025, "loss_rpn_cls": 0.11926232278347015, "loss_rpn_loc": 0.047913357615470886, "lr": 3.5864199999999995e-05, "roi_head/num_bg_samples": 6.0, "roi_head/num_fg_samples": 2.0, "rpn/num_neg_anchors": 232.5, "rpn/num_pos_anchors": 23.5, "time": 0.23545102700006737, "total_loss": 1.60265701264143}
{"data_time": 0.0013215824998269454, "eta_seconds": 67.25654099998337, "fast_rcnn/cls_accuracy": 0.75, "fast_rcnn/false_negative": 1.0, "fast_rcnn/fg_cls_accuracy": 0.0, "iteration": 199, "loss_box_reg": 0.8721527457237244, "loss_cls": 0.4364217668771744, "loss_rpn_cls": 0.1503816395998001, "loss_rpn_loc": 0.02646109275519848, "lr": 3.98602e-05, "roi_head/num_bg_samples": 6.0, "roi_head/num_fg_samples": 2.0, "rpn/num_neg_anchors": 241.5, "rpn/num_pos_anchors": 14.5, "time": 0.237520457500068, "total_loss": 1.597164472565055}
{"data_time": 0.0013318540000000212, "eta_seconds": 63.18396797999867, "fast_rcnn/cls_accuracy": 0.75, "fast_rcnn/false_negative": 1.0, "fast_rcnn/fg_cls_accuracy": 0.0, "iteration": 219, "loss_box_reg": 1.1734036207199097, "loss_cls": 0.4609450250864029, "loss_rpn_cls": 0.188963882625103, "loss_rpn_loc": 0.017235688865184784, "lr": 4.38562e-05, "roi_head/num_bg_samples": 6.0, "roi_head/num_fg_samples": 2.0, "rpn/num_neg_anchors": 249.0, "rpn/num_pos_anchors": 7.0, "time": 0.2527437179999197, "total_loss": 1.8963130238698795}
{"data_time": 0.001328589499962618, "eta_seconds": 59.02918749002083, "fast_rcnn/cls_accuracy": 0.75, "fast_rcnn/false_negative": 1.0, "fast_rcnn/fg_cls_accuracy": 0.0, "iteration": 239, "loss_box_reg": 0.8143320679664612, "loss_cls": 0.4505888968706131, "loss_rpn_cls": 0.18865693360567093, "loss_rpn_loc": 0.007601186633110046, "lr": 4.78522e-05, "roi_head/num_bg_samples": 6.0, "roi_head/num_fg_samples": 2.0, "rpn/num_neg_anchors": 251.0, "rpn/num_pos_anchors": 5.0, "time": 0.2330665779999208, "total_loss": 1.5086217047646642}
{"data_time": 0.0012385769999809781, "eta_seconds": 54.48848076001923, "fast_rcnn/cls_accuracy": 0.75, "fast_rcnn/false_negative": 1.0, "fast_rcnn/fg_cls_accuracy": 0.0, "iteration": 259, "loss_box_reg": 0.9830348193645477, "loss_cls": 0.4411088675260544, "loss_rpn_cls": 0.11058491840958595, "loss_rpn_loc": 0.00829406501725316, "lr": 5.18482e-05, "roi_head/num_bg_samples": 6.0, "roi_head/num_fg_samples": 2.0, "rpn/num_neg_anchors": 247.5, "rpn/num_pos_anchors": 8.5, "time": 0.2269423509999342, "total_loss": 1.503988637123257}
{"data_time": 0.0014038084999583589, "eta_seconds": 49.94777403001763, "fast_rcnn/cls_accuracy": 0.75, "fast_rcnn/false_negative": 1.0, "fast_rcnn/fg_cls_accuracy": 0.0, "iteration": 279, "loss_box_reg": 0.981370210647583, "loss_cls": 0.4284545034170151, "loss_rpn_cls": 0.13088533282279968, "loss_rpn_loc": 0.007441504159942269, "lr": 5.584420000000001e-05, "roi_head/num_bg_samples": 6.0, "roi_head/num_fg_samples": 2.0, "rpn/num_neg_anchors": 246.0, "rpn/num_pos_anchors": 10.0, "time": 0.2267169770000237, "total_loss": 1.6927363611757755}
{"data_time": 0.001304971000081423, "eta_seconds": 45.435935699993024, "fast_rcnn/cls_accuracy": 0.75, "fast_rcnn/false_negative": 1.0, "fast_rcnn/fg_cls_accuracy": 0.0, "iteration": 299, "loss_box_reg": 0.9247937500476837, "loss_cls": 0.4183714985847473, "loss_rpn_cls": 0.13034721091389656, "loss_rpn_loc": 0.016238409094512463, "lr": 5.9840200000000003e-05, "roi_head/num_bg_samples": 6.0, "roi_head/num_fg_samples": 2.0, "rpn/num_neg_anchors": 243.5,