{"data_time": 0.002241438998680678, "eta_seconds": 455.20828439912293, "fast_rcnn/cls_accuracy": 0.78515625, "fast_rcnn/false_negative": 0.9383301707779885, "fast_rcnn/fg_cls_accuracy": 0.061669829222011384, "iteration": 19, "loss_box_reg": 0.3170660436153412, "loss_cls": 0.6054781675338745, "loss_rpn_cls": 0.020858346950262785, "loss_rpn_loc": 0.006697731325402856, "lr": 9.7405e-06, "roi_head/num_bg_samples": 117.5, "roi_head/num_fg_samples": 10.5, "rpn/num_neg_anchors": 251.5, "rpn/num_pos_anchors": 4.5, "time": 0.9483505924981728, "total_loss": 1.0273798005655408}
{"data_time": 0.002371901498918305, "eta_seconds": 452.43091711981833, "fast_rcnn/cls_accuracy": 0.87890625, "fast_rcnn/false_negative": 1.0, "fast_rcnn/fg_cls_accuracy": 0.0, "iteration": 39, "loss_box_reg": 0.3697272837162018, "loss_cls": 0.5125723481178284, "loss_rpn_cls": 0.013182254508137703, "loss_rpn_loc": 0.007744537433609366, "lr": 1.97305e-05, "roi_head/num_bg_samples": 116.25, "roi_head/num_fg_samples": 11.75, "rpn/num_neg_anchors": 251.75, "rpn/num_pos_anchors": 4.25, "time": 1.0257414994994178, "total_loss": 0.9200895733665675}
{"data_time": 0.0024158399992302293, "eta_seconds": 447.8779998001846, "fast_rcnn/cls_accuracy": 0.900390625, "fast_rcnn/false_negative": 1.0, "fast_rcnn/fg_cls_accuracy": 0.0, "iteration": 59, "loss_box_reg": 0.3843126744031906, "loss_cls": 0.4076386094093323, "loss_rpn_cls": 0.01381482370197773, "loss_rpn_loc": 0.009916133247315884, "lr": 2.9720499999999998e-05, "roi_head/num_bg_samples": 115.5, "roi_head/num_fg_samples": 12.5, "rpn/num_neg_anchors": 249.25, "rpn/num_pos_anchors": 6.75, "time": 1.0952504120014055, "total_loss": 0.8184949597343802}
{"data_time": 0.0023400029986078152, "eta_seconds": 427.51990890017623, "fast_rcnn/cls_accuracy": 0.888671875, "fast_rcnn/false_negative": 1.0, "fast_rcnn/fg_cls_accuracy": 0.0, "iteration": 79, "loss_box_reg": 0.41639071702957153, "loss_cls": 0.34615862369537354, "loss_rpn_cls": 0.015523521229624748, "loss_rpn_loc": 0.005156809464097023, "lr": 3.9710500000000005e-05, "roi_head/num_bg_samples": 113.75, "roi_head/num_fg_samples": 14.25, "rpn/num_neg_anchors": 251.0, "rpn/num_pos_anchors": 5.0, "time": 0.9977671289998398, "total_loss": 0.8034012820571661}
{"data_time": 0.0022925234989088494, "eta_seconds": 398.74284459947376, "fast_rcnn/cls_accuracy": 0.90625, "fast_rcnn/false_negative": 1.0, "fast_rcnn/fg_cls_accuracy": 0.0, "iteration": 99, "loss_box_reg": 0.33875276148319244, "loss_cls": 0.29640980064868927, "loss_rpn_cls": 0.017908543348312378, "loss_rpn_loc": 0.007840546313673258, "lr": 4.97005e-05, "roi_head/num_bg_samples": 116.0, "roi_head/num_fg_samples": 12.0, "rpn/num_neg_anchors": 251.0, "rpn/num_pos_anchors": 5.0, "time": 0.9674310354985209, "total_loss": 0.7256043251836672}
{"data_time": 0.0022571404988411814, "eta_seconds": 381.9686642899251, "fast_rcnn/cls_accuracy": 0.921875, "fast_rcnn/false_negative": 1.0, "fast_rcnn/fg_cls_accuracy": 0.0, "iteration": 119, "loss_box_reg": 0.3031190186738968, "loss_cls": 0.27066364884376526, "loss_rpn_cls": 0.05773824639618397, "loss_rpn_loc": 0.008314355043694377, "lr": 5.96905e-05, "roi_head/num_bg_samples": 118.0, "roi_head/num_fg_samples": 10.0, "rpn/num_neg_anchors": 251.75, "rpn/num_pos_anchors": 4.25, "time": 1.0254427350027981, "total_loss": 0.6438839139882475}
{"data_time": 0.0022656845012534177, "eta_seconds": 358.84349315965665, "fast_rcnn/cls_accuracy": 0.921875, "fast_rcnn/false_negative": 1.0, "fast_rcnn/fg_cls_accuracy": 0.0, "iteration": 139, "loss_box_reg": 0.27208341658115387, "loss_cls": 0.24440716207027435, "loss_rpn_cls": 0.04227563738822937, "loss_rpn_loc": 0.0069620986469089985, "lr": 6.96805e-05, "roi_head/num_bg_samples": 118.0, "roi_head/num_fg_samples": 10.0, "rpn/num_neg_anchors": 252.25, "rpn/num_pos_anchors": 3.75, "time": 0.9649403189996519, "total_loss": 0.5783320274204016}
{"data_time": 0.0021804214993608184, "eta_seconds": 335.4296735893513, "fast_rcnn/cls_accuracy": 0.896484375, "fast_rcnn/false_negative": 1.0, "fast_rcnn/fg_cls_accuracy": 0.0, "iteration": 159, "loss_box_reg": 0.38456328213214874, "loss_cls": 0.2709561288356781, "loss_rpn_cls": 0.02542264573276043, "loss_rpn_loc": 0.005178260151296854, "lr": 7.967050000000001e-05, "roi_head/num_bg_samples": 114.75, "roi_head/num_fg_samples": 13.25, "rpn/num_neg_anchors": 252.5, "rpn/num_pos_anchors": 3.5, "time": 0.9510910494973359, "total_loss": 0.660144170280546}
{"data_time": 0.002534584498789627, "eta_seconds": 318.1551560002845, "fast_rcnn/cls_accuracy": 0.916015625, "fast_rcnn/false_negative": 1.0, "fast_rcnn/fg_cls_accuracy": 0.0, "iteration": 179, "loss_box_reg": 0.31551769375801086, "loss_cls": 0.21085751056671143, "loss_rpn_cls": 0.024786025285720825, "loss_rpn_loc": 0.006785662611946464, "lr": 8.966049999999999e-05, "roi_head/num_bg_samples": 117.25, "roi_head/num_fg_samples": 10.75, "rpn/num_neg_anchors": 252.0, "rpn/num_pos_anchors": 4.0, "time": 1.0467128564996528, "total_loss": 0.6067179501987994}
{"data_time": 0.0023198095004772767, "eta_seconds": 295.9673590494276, "fast_rcnn/cls_accuracy": 0.919921875, "fast_rcnn/false_negative": 1.0, "fast_rcnn/fg_cls_accuracy": 0.0, "iteration": 199, "loss_box_reg": 0.2799084037542343, "loss_cls": 0.22719429433345795, "loss_rpn_cls": 0.01838659681379795, "loss_rpn_loc": 0.008870458230376244, "lr": 9.96505e-05, "roi_head/num_bg_samples": 117.75, "roi_head/num_fg_samples": 10.25, "rpn/num_neg_anchors": 250.5, "rpn/num_pos_anchors": 5.5, "time": 0.9369367970011808, "total_loss": 0.5595364281907678}
{"data_time": 0.0021939870002825046, "eta_seconds": 276.31187443927047, "fast_rcnn/cls_accuracy": 0.900390625, "fast_rcnn/false_negative": 1.0, "fast_rcnn/fg_cls_accuracy": 0.0, "iteration": 219, "loss_box_reg": 0.357006311416626, "loss_cls": 0.26337647438049316, "loss_rpn_cls": 0.03349246084690094, "loss_rpn_loc": 0.005261845188215375, "lr": 0.00010964050000000001, "roi_head/num_bg_samples": 115.25, "roi_head/num_fg_samples": 12.75, "rpn/num_neg_anchors": 252.5, "rpn/num_pos_anchors": 3.5, "time": 1.0204763104993617, "total_loss": 0.6638175924308598}
{"data_time": 0.0023448795000149403, "eta_seconds": 259.4671010106322, "fast_rcnn/cls_accuracy": 0.91015625, "fast_rcnn/false_negative": 1.0, "fast_rcnn/fg_cls_accuracy": 0.0, "iteration": 239, "loss_box_reg": 0.3104320764541626, "loss_cls": 0.22369372099637985, "loss_rpn_cls": 0.015341060236096382, "loss_rpn_loc": 0.006358274258673191, "lr": 0.0001196305, "roi_head/num_bg_samples": 116.5, "roi_head/num_fg_samples": 11.5, "rpn/num_neg_anchors": 251.75, "rpn/num_pos_anchors": 4.25, "time": 1.097560757500105, "total_loss": 0.5666924840770662}
{"data_time": 0.002324134498849162, "eta_seconds": 240.38377007993404, "fast_rcnn/cls_accuracy": 0.896484375, "fast_rcnn/false_negative": 1.0, "fast_rcnn/fg_cls_accuracy": 0.0, "iteration": 259, "loss_box_reg": 0.4049177020788193, "loss_cls": 0.24624978005886078, "loss_rpn_cls": 0.01653564814478159, "loss_rpn_loc": 0.007125839125365019, "lr": 0.0001296205, "roi_head/num_bg_samples": 114.75, "roi_head/num_fg_samples": 13.25, "rpn/num_neg_anchors": 251.75, "rpn/num_pos_anchors": 4.25, "time": 1.062130349499057, "total_loss": 0.6764889288460836}
{"data_time": 0.00233131449931534, "eta_seconds": 220.73094823976135, "fast_rcnn/cls_accuracy": 0.900390625, "fast_rcnn/false_negative": 1.0, "fast_rcnn/fg_cls_accuracy": 0.0, "iteration": 279, "loss_box_reg": 0.32900530099868774, "loss_cls": 0.23568590730428696, "loss_rpn_cls": 0.02040062751621008, "loss_rpn_loc": 0.005203890614211559, "lr": 0.00013961050000000003, "roi_head/num_bg_samples": 115.25, "roi_head/num_fg_samples": 12.75, "rpn/num_neg_anchors": 251.75, "rpn/num_pos_anchors": 4.25, "time": 1.047927694500686, "total_loss": 0.5931385192088783}
{"data_time": 0.002312415999767836, "eta_seconds": 201.54887860044255, "fast_rcnn/cls_accuracy": 0.921875, "fast_rcnn/false_negative": 1.0, "fast_rcnn/fg_cls_accuracy": 0.0, "iteration": 299, "loss_box_reg": 0.2783239036798477,