{"data_time": 0.0027495649992488325, "eta_seconds": 480.2560600801371, "fast_rcnn/cls_accuracy": 0.421875, "fast_rcnn/false_negative": 0.3333333333333333, "fast_rcnn/fg_cls_accuracy": 0.6666666666666666, "iteration": 19, "loss_box_reg": 0.29257670044898987, "loss_cls": 0.7268598973751068, "loss_rpn_cls": 0.04584203474223614, "loss_rpn_loc": 0.0056206099689006805, "lr": 9.7405e-06, "roi_head/num_bg_samples": 117.5, "roi_head/num_fg_samples": 10.5, "rpn/num_neg_anchors": 251.75, "rpn/num_pos_anchors": 4.25, "time": 1.0005334585002856, "total_loss": 1.094875117065385}
{"data_time": 0.0023827305049053393, "eta_seconds": 474.1716680394893, "fast_rcnn/cls_accuracy": 0.810546875, "fast_rcnn/false_negative": 0.7136363636363636, "fast_rcnn/fg_cls_accuracy": 0.2863636363636364, "iteration": 39, "loss_box_reg": 0.2746955454349518, "loss_cls": 0.603583425283432, "loss_rpn_cls": 0.04406397230923176, "loss_rpn_loc": 0.007328280946239829, "lr": 1.97305e-05, "roi_head/num_bg_samples": 118.75, "roi_head/num_fg_samples": 9.25, "rpn/num_neg_anchors": 251.25, "rpn/num_pos_anchors": 4.75, "time": 1.0423154734999116, "total_loss": 0.9375297739170492}
{"data_time": 0.0022949489975871984, "eta_seconds": 446.97839274056605, "fast_rcnn/cls_accuracy": 0.91015625, "fast_rcnn/false_negative": 1.0, "fast_rcnn/fg_cls_accuracy": 0.0, "iteration": 59, "loss_box_reg": 0.31223568320274353, "loss_cls": 0.4493017643690109, "loss_rpn_cls": 0.036128707230091095, "loss_rpn_loc": 0.007988553494215012, "lr": 2.9720499999999998e-05, "roi_head/num_bg_samples": 117.5, "roi_head/num_fg_samples": 10.5, "rpn/num_neg_anchors": 251.75, "rpn/num_pos_anchors": 4.25, "time": 0.968798482499551, "total_loss": 0.8198880283161998}
{"data_time": 0.0025328875017294195, "eta_seconds": 428.2565458512545, "fast_rcnn/cls_accuracy": 0.900390625, "fast_rcnn/false_negative": 1.0, "fast_rcnn/fg_cls_accuracy": 0.0, "iteration": 79, "loss_box_reg": 0.37891536951065063, "loss_cls": 0.3501223772764206, "loss_rpn_cls": 0.012674893252551556, "loss_rpn_loc": 0.007670770399272442, "lr": 3.9710500000000005e-05, "roi_head/num_bg_samples": 115.25, "roi_head/num_fg_samples": 12.75, "rpn/num_neg_anchors": 251.75, "rpn/num_pos_anchors": 4.25, "time": 1.0815710245042283, "total_loss": 0.7463006904581562}
{"data_time": 0.002348089499719208, "eta_seconds": 415.52334939915454, "fast_rcnn/cls_accuracy": 0.9140625, "fast_rcnn/false_negative": 1.0, "fast_rcnn/fg_cls_accuracy": 0.0, "iteration": 99, "loss_box_reg": 0.3414609432220459, "loss_cls": 0.2846066504716873, "loss_rpn_cls": 0.02828618325293064, "loss_rpn_loc": 0.009172507096081972, "lr": 4.97005e-05, "roi_head/num_bg_samples": 117.0, "roi_head/num_fg_samples": 11.0, "rpn/num_neg_anchors": 252.0, "rpn/num_pos_anchors": 4.0, "time": 1.1053967340012605, "total_loss": 0.6514723035506904}
{"data_time": 0.002573837002273649, "eta_seconds": 397.2540580799978, "fast_rcnn/cls_accuracy": 0.916015625, "fast_rcnn/false_negative": 1.0, "fast_rcnn/fg_cls_accuracy": 0.0, "iteration": 119, "loss_box_reg": 0.30088257789611816, "loss_cls": 0.25453607738018036, "loss_rpn_cls": 0.01930488832294941, "loss_rpn_loc": 0.006603713147342205, "lr": 5.96905e-05, "roi_head/num_bg_samples": 117.25, "roi_head/num_fg_samples": 10.75, "rpn/num_neg_anchors": 252.5, "rpn/num_pos_anchors": 3.5, "time": 1.09440414549681, "total_loss": 0.6594991528545506}
{"data_time": 0.0024722859998291824, "eta_seconds": 376.3459497599979, "fast_rcnn/cls_accuracy": 0.908203125, "fast_rcnn/false_negative": 1.0, "fast_rcnn/fg_cls_accuracy": 0.0, "iteration": 139, "loss_box_reg": 0.34576207399368286, "loss_cls": 0.24405407160520554, "loss_rpn_cls": 0.01430858438834548, "loss_rpn_loc": 0.0069373182486742735, "lr": 6.96805e-05, "roi_head/num_bg_samples": 116.25, "roi_head/num_fg_samples": 11.75, "rpn/num_neg_anchors": 252.0, "rpn/num_pos_anchors": 4.0, "time": 1.0490594179973414, "total_loss": 0.6356446136487648}
{"data_time": 0.002668518995051272, "eta_seconds": 356.7169794104848, "fast_rcnn/cls_accuracy": 0.91796875, "fast_rcnn/false_negative": 1.0, "fast_rcnn/fg_cls_accuracy": 0.0, "iteration": 159, "loss_box_reg": 0.30201059579849243, "loss_cls": 0.2337491363286972, "loss_rpn_cls": 0.031459664925932884, "loss_rpn_loc": 0.006218020571395755, "lr": 7.967050000000001e-05, "roi_head/num_bg_samples": 117.5, "roi_head/num_fg_samples": 10.5, "rpn/num_neg_anchors": 252.0, "rpn/num_pos_anchors": 4.0, "time": 1.0787706105038524, "total_loss": 0.6346321946475655}
{"data_time": 0.0023678399993514176, "eta_seconds": 334.5297331199981, "fast_rcnn/cls_accuracy": 0.91015625, "fast_rcnn/false_negative": 1.0, "fast_rcnn/fg_cls_accuracy": 0.0, "iteration": 179, "loss_box_reg": 0.3370011895895004, "loss_cls": 0.24462875723838806, "loss_rpn_cls": 0.03327476046979427, "loss_rpn_loc": 0.005388172110542655, "lr": 8.966049999999999e-05, "roi_head/num_bg_samples": 116.5, "roi_head/num_fg_samples": 11.5, "rpn/num_neg_anchors": 251.75, "rpn/num_pos_anchors": 4.25, "time": 0.9756130184978247, "total_loss": 0.650517585221678}
{"data_time": 0.0024503109998477157, "eta_seconds": 313.62162479999824, "fast_rcnn/cls_accuracy": 0.921875, "fast_rcnn/false_negative": 1.0, "fast_rcnn/fg_cls_accuracy": 0.0, "iteration": 199, "loss_box_reg": 0.2793835997581482, "loss_cls": 0.2254401594400406, "loss_rpn_cls": 0.016532760113477707, "loss_rpn_loc": 0.005984398536384106, "lr": 9.96505e-05, "roi_head/num_bg_samples": 118.0, "roi_head/num_fg_samples": 10.0, "rpn/num_neg_anchors": 252.5, "rpn/num_pos_anchors": 3.5, "time": 1.0595509974991728, "total_loss": 0.5696584160905331}
