{"global_step": 479, "_timestamp": 1635674875.8651369, "rpn/num_pos_anchors": 5.0, "rpn/num_neg_anchors": 251.0, "roi_head/num_fg_samples": 7.5, "roi_head/num_bg_samples": 24.5, "fast_rcnn/cls_accuracy": 0.8515625, "fast_rcnn/fg_cls_accuracy": 0.3125, "fast_rcnn/false_negative": 0.6875, "data_time": 0.0025803560856729746, "total_loss": 1.0318851470947266, "loss_cls": 0.352068156003952, "loss_box_reg": 0.61801677942276, "loss_rpn_cls": 0.02109983190894127, "loss_rpn_loc": 0.010976890102028847, "lr": 9.580420010024682e-05, "time": 1.04329252243042, "eta_seconds": 18.866600036621094, "_runtime": 597, "_step": 23}