{"global_step": 179, "_timestamp": 1637333274.176778, "rpn/num_pos_anchors": 4.25, "rpn/num_neg_anchors": 251.75, "roi_head/num_fg_samples": 11.5, "roi_head/num_bg_samples": 116.5, "fast_rcnn/cls_accuracy": 0.91015625, "fast_rcnn/fg_cls_accuracy": 0.0, "fast_rcnn/false_negative": 1.0, "data_time": 0.002367839915677905, "total_loss": 0.6505175828933716, "loss_cls": 0.24462875723838806, "loss_box_reg": 0.3370012044906616, "loss_rpn_cls": 0.03327476233243942, "loss_rpn_loc": 0.005388172343373299, "lr": 8.966049790615216e-05, "time": 0.975612998008728, "eta_seconds": 334.52972412109375, "_runtime": 326, "_step": 8}