{"global_step": 79, "_timestamp": 1637333160.9438365, "rpn/num_pos_anchors": 4.25, "rpn/num_neg_anchors": 251.75, "roi_head/num_fg_samples": 12.75, "roi_head/num_bg_samples": 115.25, "fast_rcnn/cls_accuracy": 0.900390625, "fast_rcnn/fg_cls_accuracy": 0.0, "fast_rcnn/false_negative": 1.0, "data_time": 0.0025328875053673983, "total_loss": 0.7463006973266602, "loss_cls": 0.3501223921775818, "loss_box_reg": 0.37891536951065063, "loss_rpn_cls": 0.012674893252551556, "loss_rpn_loc": 0.007670770399272442, "lr": 3.971049954998307e-05, "time": 1.0815709829330444, "eta_seconds": 428.25653076171875, "_runtime": 212, "_step": 3}