{"global_step": 499, "_timestamp": 1637333625.8319354, "rpn/num_pos_anchors": 4.0, "rpn/num_neg_anchors": 252.0, "roi_head/num_fg_samples": 13.25, "roi_head/num_bg_samples": 114.75, "fast_rcnn/cls_accuracy": 0.9296875, "fast_rcnn/fg_cls_accuracy": 0.4786527454853058, "fast_rcnn/false_negative": 0.5213472247123718, "data_time": 0.002911806106567383, "total_loss": 0.48641034960746765, "loss_cls": 0.1858324557542801, "loss_box_reg": 0.2733195424079895, "loss_rpn_cls": 0.017554685473442078, "loss_rpn_loc": 0.005756933242082596, "lr": 0.0002495005028322339, "time": 1.042822003364563, "eta_seconds": 0.0, "_runtime": 677, "_step": 24, "_wandb": {"runtime": 809}}