{"global_step": 299, "_timestamp": 1637333405.474207, "rpn/num_pos_anchors": 3.5, "rpn/num_neg_anchors": 252.5, "roi_head/num_fg_samples": 12.25, "roi_head/num_bg_samples": 115.75, "fast_rcnn/cls_accuracy": 0.904296875, "fast_rcnn/fg_cls_accuracy": 0.0, "fast_rcnn/false_negative": 1.0, "data_time": 0.0022893184795975685, "total_loss": 0.5898996591567993, "loss_cls": 0.24384894967079163, "loss_box_reg": 0.35142701864242554, "loss_rpn_cls": 0.02532051131129265, "loss_rpn_loc": 0.0053999456577003, "lr": 0.0001496004988439381, "time": 1.0657442808151245, "eta_seconds": 209.83351135253906, "_runtime": 457, "_step": 14}