{"global_step": 499, "_timestamp": 1637332751.270832, "rpn/num_pos_anchors": 5.0, "rpn/num_neg_anchors": 251.0, "roi_head/num_fg_samples": 11.0, "roi_head/num_bg_samples": 117.0, "fast_rcnn/cls_accuracy": 0.91796875, "fast_rcnn/fg_cls_accuracy": 0.2857142984867096, "fast_rcnn/false_negative": 0.7142857313156128, "data_time": 0.0025706395972520113, "total_loss": 0.4583129286766052, "loss_cls": 0.17575153708457947, "loss_box_reg": 0.21716225147247314, "loss_rpn_cls": 0.02280309423804283, "loss_rpn_loc": 0.0075181093998253345, "lr": 0.0002495005028322339, "time": 0.9700241684913635, "eta_seconds": 0.0, "_runtime": 656, "_step": 24, "_wandb": {"runtime": 787}}