{"global_step": 179, "_timestamp": 1635681231.3765714, "rpn/num_pos_anchors": 5.0, "rpn/num_neg_anchors": 251.0, "roi_head/num_fg_samples": 9.5, "roi_head/num_bg_samples": 118.5, "fast_rcnn/cls_accuracy": 0.92578125, "fast_rcnn/fg_cls_accuracy": 0.0, "fast_rcnn/false_negative": 1.0, "data_time": 0.002623657463118434, "total_loss": 0.5804590582847595, "loss_cls": 0.25747472047805786, "loss_box_reg": 0.28895103931427, "loss_rpn_cls": 0.013884659856557846, "loss_rpn_loc": 0.008814653381705284, "lr": 3.5864199162460864e-05, "time": 1.1356350183486938, "eta_seconds": 332.824462890625, "_runtime": 322, "_step": 8}