{"global_step": 279, "_timestamp": 1635681344.2577498, "rpn/num_pos_anchors": 5.0, "rpn/num_neg_anchors": 251.0, "roi_head/num_fg_samples": 10.5, "roi_head/num_bg_samples": 117.5, "fast_rcnn/cls_accuracy": 0.91796875, "fast_rcnn/fg_cls_accuracy": 0.0, "fast_rcnn/false_negative": 1.0, "data_time": 0.003640673588961363, "total_loss": 0.5626609921455383, "loss_cls": 0.2364891916513443, "loss_box_reg": 0.3196345567703247, "loss_rpn_cls": 0.03698600083589554, "loss_rpn_loc": 0.010714543983340263, "lr": 5.5844200687715784e-05, "time": 1.0730692148208618, "eta_seconds": 230.25051879882812, "_runtime": 435, "_step": 13}