{"global_step": 299, "_timestamp": 1635681365.2893198, "rpn/num_pos_anchors": 3.5, "rpn/num_neg_anchors": 252.5, "roi_head/num_fg_samples": 11.25, "roi_head/num_bg_samples": 116.75, "fast_rcnn/cls_accuracy": 0.912109375, "fast_rcnn/fg_cls_accuracy": 0.0, "fast_rcnn/false_negative": 1.0, "data_time": 0.0027389118913561106, "total_loss": 0.5853105783462524, "loss_cls": 0.23543019592761993, "loss_box_reg": 0.3189472258090973, "loss_rpn_cls": 0.020902492105960846, "loss_rpn_loc": 0.006325680762529373, "lr": 5.9840200265171006e-05, "time": 0.9999376535415649, "eta_seconds": 208.83078002929688, "_runtime": 456, "_step": 14}